ID,filename,label,source
1990,22_12275.wav,forest_ambience,FSC22
602,5-233787-A-7.wav,forest_ambience,ESC50
104,1-57316-A-13.wav,forest_ambience,ESC50
975,5_10535.wav,forest_ambience,FSC22
1002,5_10562.wav,forest_ambience,FSC22
895,4_10430.wav,forest_ambience,FSC22
2109,24_12444.wav,forest_ambience,FSC22
160,2-122616-A-14.wav,forest_ambience,ESC50
690,1_10150.wav,forest_ambience,FSC22
1907,21_12167.wav,forest_ambience,FSC22
782,2_10267.wav,forest_ambience,FSC22
710,1_10170.wav,forest_ambience,FSC22
714,1_10174.wav,forest_ambience,FSC22
730,2_10215.wav,forest_ambience,FSC22
372,3-70962-B-4.wav,forest_ambience,ESC50
997,5_10557.wav,forest_ambience,FSC22
1898,21_12158.wav,forest_ambience,FSC22
701,1_10161.wav,forest_ambience,FSC22
349,3-164592-A-15.wav,forest_ambience,ESC50
1880,21_12140.wav,forest_ambience,FSC22
984,5_10544.wav,forest_ambience,FSC22
2090,24_12425.wav,forest_ambience,FSC22
938,4_10473.wav,forest_ambience,FSC22
237,2-73027-A-10.wav,forest_ambience,ESC50
98,1-51037-A-16.wav,forest_ambience,ESC50
151,2-110613-A-13.wav,forest_ambience,ESC50
2213,27_12773.wav,forest_ambience,FSC22
2104,24_12439.wav,forest_ambience,FSC22
2120,24_12455.wav,forest_ambience,FSC22
1896,21_12156.wav,forest_ambience,FSC22
2117,24_12452.wav,forest_ambience,FSC22
1993,23_12303.wav,forest_ambience,FSC22
885,4_10420.wav,forest_ambience,FSC22
1908,21_12168.wav,forest_ambience,FSC22
1947,22_12232.wav,forest_ambience,FSC22
662,1_10122.wav,forest_ambience,FSC22
675,1_10135.wav,forest_ambience,FSC22
86,1-46938-B-7.wav,forest_ambience,ESC50
1956,22_12241.wav,forest_ambience,FSC22
480,4-191246-B-7.wav,forest_ambience,ESC50
642,1_10102.wav,forest_ambience,FSC22
1878,21_12138.wav,forest_ambience,FSC22
760,2_10245.wav,forest_ambience,FSC22
2209,27_12769.wav,forest_ambience,FSC22
209,2-39945-C-19.wav,forest_ambience,ESC50
804,3_10314.wav,forest_ambience,FSC22
2167,27_12727.wav,forest_ambience,FSC22
2096,24_12431.wav,forest_ambience,FSC22
348,3-163607-B-13.wav,forest_ambience,ESC50
418,4-159609-A-14.wav,forest_ambience,ESC50
987,5_10547.wav,forest_ambience,FSC22
763,2_10248.wav,forest_ambience,FSC22
819,3_10329.wav,forest_ambience,FSC22
2032,23_12342.wav,forest_ambience,FSC22
815,3_10325.wav,forest_ambience,FSC22
124,1-90797-A-15.wav,forest_ambience,ESC50
830,3_10340.wav,forest_ambience,FSC22
193,2-30322-A-12.wav,forest_ambience,ESC50
877,4_10412.wav,forest_ambience,FSC22
661,1_10121.wav,forest_ambience,FSC22
438,4-166661-A-10.wav,forest_ambience,ESC50
2080,24_12415.wav,forest_ambience,FSC22
774,2_10259.wav,forest_ambience,FSC22
517,5-156026-D-4.wav,forest_ambience,ESC50
2146,27_12706.wav,forest_ambience,FSC22
367,3-65748-A-12.wav,forest_ambience,ESC50
915,4_10450.wav,forest_ambience,FSC22
1971,22_12256.wav,forest_ambience,FSC22
785,2_10270.wav,forest_ambience,FSC22
1846,21_12106.wav,forest_ambience,FSC22
1957,22_12242.wav,forest_ambience,FSC22
71,1-26222-A-10.wav,forest_ambience,ESC50
251,2-85139-A-13.wav,forest_ambience,ESC50
432,4-164661-A-12.wav,forest_ambience,ESC50
498,4-212604-B-15.wav,forest_ambience,ESC50
571,5-195557-A-19.wav,forest_ambience,ESC50
734,2_10219.wav,forest_ambience,FSC22
511,4-99644-C-4.wav,forest_ambience,ESC50
2107,24_12442.wav,forest_ambience,FSC22
205,2-39443-A-19.wav,forest_ambience,ESC50
580,5-204352-A-13.wav,forest_ambience,ESC50
588,5-215179-A-13.wav,forest_ambience,ESC50
870,4_10405.wav,forest_ambience,FSC22
2056,23_12366.wav,forest_ambience,FSC22
706,1_10166.wav,forest_ambience,FSC22
646,1_10106.wav,forest_ambience,FSC22
1862,21_12122.wav,forest_ambience,FSC22
2047,23_12357.wav,forest_ambience,FSC22
2113,24_12448.wav,forest_ambience,FSC22
591,5-216213-A-13.wav,forest_ambience,ESC50
24,1-16746-A-15.wav,forest_ambience,ESC50
610,5-242491-A-14.wav,forest_ambience,ESC50
559,5-189212-A-12.wav,forest_ambience,ESC50
176,2-18766-A-12.wav,forest_ambience,ESC50
894,4_10429.wav,forest_ambience,FSC22
496,4-202749-A-13.wav,forest_ambience,ESC50
2205,27_12765.wav,forest_ambience,FSC22
1015,5_10575.wav,forest_ambience,FSC22
254,2-99955-A-7.wav,forest_ambience,ESC50
2000,23_12310.wav,forest_ambience,FSC22
575,5-198278-B-7.wav,forest_ambience,ESC50
841,3_10351.wav,forest_ambience,FSC22
692,1_10152.wav,forest_ambience,FSC22
948,5_10508.wav,forest_ambience,FSC22
403,4-130584-A-4.wav,forest_ambience,ESC50
2088,24_12423.wav,forest_ambience,FSC22
96,1-51035-A-16.wav,forest_ambience,ESC50
199,2-32834-A-4.wav,forest_ambience,ESC50
109,1-63871-A-10.wav,forest_ambience,ESC50
930,4_10465.wav,forest_ambience,FSC22
2184,27_12744.wav,forest_ambience,FSC22
1867,21_12127.wav,forest_ambience,FSC22
1864,21_12124.wav,forest_ambience,FSC22
570,5-195518-A-7.wav,forest_ambience,ESC50
686,1_10146.wav,forest_ambience,FSC22
806,3_10316.wav,forest_ambience,FSC22
53,1-21189-A-10.wav,forest_ambience,ESC50
1003,5_10563.wav,forest_ambience,FSC22
1843,21_12103.wav,forest_ambience,FSC22
816,3_10326.wav,forest_ambience,FSC22
521,5-156999-D-19.wav,forest_ambience,ESC50
2083,24_12418.wav,forest_ambience,FSC22
341,3-157487-A-10.wav,forest_ambience,ESC50
2206,27_12766.wav,forest_ambience,FSC22
2180,27_12740.wav,forest_ambience,FSC22
148,2-109371-C-16.wav,forest_ambience,ESC50
1939,22_12224.wav,forest_ambience,FSC22
2025,23_12335.wav,forest_ambience,FSC22
371,3-70962-A-4.wav,forest_ambience,ESC50
963,5_10523.wav,forest_ambience,FSC22
822,3_10332.wav,forest_ambience,FSC22
2051,23_12361.wav,forest_ambience,FSC22
134,2-104952-B-16.wav,forest_ambience,ESC50
902,4_10437.wav,forest_ambience,FSC22
1904,21_12164.wav,forest_ambience,FSC22
977,5_10537.wav,forest_ambience,FSC22
1011,5_10571.wav,forest_ambience,FSC22
2140,24_12475.wav,forest_ambience,FSC22
705,1_10165.wav,forest_ambience,FSC22
586,5-213802-A-12.wav,forest_ambience,ESC50
474,4-187769-A-14.wav,forest_ambience,ESC50
252,2-87781-A-10.wav,forest_ambience,ESC50
711,1_10171.wav,forest_ambience,FSC22
732,2_10217.wav,forest_ambience,FSC22
875,4_10410.wav,forest_ambience,FSC22
1927,22_12212.wav,forest_ambience,FSC22
276,3-110913-B-7.wav,forest_ambience,ESC50
316,3-145774-A-12.wav,forest_ambience,ESC50
488,4-195805-A-13.wav,forest_ambience,ESC50
739,2_10224.wav,forest_ambience,FSC22
758,2_10243.wav,forest_ambience,FSC22
704,1_10164.wav,forest_ambience,FSC22
278,3-110913-D-7.wav,forest_ambience,ESC50
810,3_10320.wav,forest_ambience,FSC22
981,5_10541.wav,forest_ambience,FSC22
931,4_10466.wav,forest_ambience,FSC22
658,1_10118.wav,forest_ambience,FSC22
1889,21_12149.wav,forest_ambience,FSC22
143,2-108760-A-14.wav,forest_ambience,ESC50
1888,21_12148.wav,forest_ambience,FSC22
311,3-142006-A-10.wav,forest_ambience,ESC50
579,5-203739-A-10.wav,forest_ambience,ESC50
2077,24_12412.wav,forest_ambience,FSC22
2078,24_12413.wav,forest_ambience,FSC22
1894,21_12154.wav,forest_ambience,FSC22
80,1-38560-A-14.wav,forest_ambience,ESC50
65,1-24524-C-19.wav,forest_ambience,ESC50
1926,22_12211.wav,forest_ambience,FSC22
248,2-82367-A-10.wav,forest_ambience,ESC50
102,1-54958-A-10.wav,forest_ambience,ESC50
2033,23_12343.wav,forest_ambience,FSC22
896,4_10431.wav,forest_ambience,FSC22
999,5_10559.wav,forest_ambience,FSC22
849,3_10359.wav,forest_ambience,FSC22
795,3_10305.wav,forest_ambience,FSC22
1928,22_12213.wav,forest_ambience,FSC22
4,1-115521-A-19.wav,forest_ambience,ESC50
587,5-215172-A-13.wav,forest_ambience,ESC50
2204,27_12764.wav,forest_ambience,FSC22
2183,27_12743.wav,forest_ambience,FSC22
974,5_10534.wav,forest_ambience,FSC22
1856,21_12116.wav,forest_ambience,FSC22
1892,21_12152.wav,forest_ambience,FSC22
1991,23_12301.wav,forest_ambience,FSC22
949,5_10509.wav,forest_ambience,FSC22
106,1-59102-A-13.wav,forest_ambience,ESC50
514,5-156026-A-4.wav,forest_ambience,ESC50
523,5-157204-A-16.wav,forest_ambience,ESC50
115,1-73585-A-7.wav,forest_ambience,ESC50
460,4-180380-A-10.wav,forest_ambience,ESC50
589,5-215658-A-12.wav,forest_ambience,ESC50
954,5_10514.wav,forest_ambience,FSC22
192,2-28314-B-12.wav,forest_ambience,ESC50
303,3-134699-B-16.wav,forest_ambience,ESC50
824,3_10334.wav,forest_ambience,FSC22
636,5-262641-A-15.wav,forest_ambience,ESC50
685,1_10145.wav,forest_ambience,FSC22
809,3_10319.wav,forest_ambience,FSC22
1009,5_10569.wav,forest_ambience,FSC22
400,4-125072-A-19.wav,forest_ambience,ESC50
2157,27_12717.wav,forest_ambience,FSC22
738,2_10223.wav,forest_ambience,FSC22
812,3_10322.wav,forest_ambience,FSC22
1873,21_12133.wav,forest_ambience,FSC22
426,4-163606-A-16.wav,forest_ambience,ESC50
118,1-7973-A-7.wav,forest_ambience,ESC50
2036,23_12346.wav,forest_ambience,FSC22
121,1-80785-A-7.wav,forest_ambience,ESC50
694,1_10154.wav,forest_ambience,FSC22
33,1-17367-A-10.wav,forest_ambience,ESC50
2041,23_12351.wav,forest_ambience,FSC22
909,4_10444.wav,forest_ambience,FSC22
748,2_10233.wav,forest_ambience,FSC22
524,5-157204-B-16.wav,forest_ambience,ESC50
1965,22_12250.wav,forest_ambience,FSC22
1865,21_12125.wav,forest_ambience,FSC22
333,3-155583-A-14.wav,forest_ambience,ESC50
853,3_10363.wav,forest_ambience,FSC22
829,3_10339.wav,forest_ambience,FSC22
2071,24_12406.wav,forest_ambience,FSC22
671,1_10131.wav,forest_ambience,FSC22
2135,24_12470.wav,forest_ambience,FSC22
897,4_10432.wav,forest_ambience,FSC22
2097,24_12432.wav,forest_ambience,FSC22
988,5_10548.wav,forest_ambience,FSC22
1951,22_12236.wav,forest_ambience,FSC22
2084,24_12419.wav,forest_ambience,FSC22
616,5-243459-B-14.wav,forest_ambience,ESC50
573,5-197446-A-7.wav,forest_ambience,ESC50
2153,27_12713.wav,forest_ambience,FSC22
3,1-101296-B-19.wav,forest_ambience,ESC50
12,1-12654-B-15.wav,forest_ambience,ESC50
871,4_10406.wav,forest_ambience,FSC22
973,5_10533.wav,forest_ambience,FSC22
1970,22_12255.wav,forest_ambience,FSC22
433,4-164661-B-12.wav,forest_ambience,ESC50
608,5-241846-A-15.wav,forest_ambience,ESC50
898,4_10433.wav,forest_ambience,FSC22
1996,23_12306.wav,forest_ambience,FSC22
377,3-83527-A-4.wav,forest_ambience,ESC50
955,5_10515.wav,forest_ambience,FSC22
995,5_10555.wav,forest_ambience,FSC22
864,3_10374.wav,forest_ambience,FSC22
2141,27_12701.wav,forest_ambience,FSC22
726,2_10211.wav,forest_ambience,FSC22
2129,24_12464.wav,forest_ambience,FSC22
464,4-182314-A-7.wav,forest_ambience,ESC50
942,5_10502.wav,forest_ambience,FSC22
933,4_10468.wav,forest_ambience,FSC22
716,2_10201.wav,forest_ambience,FSC22
901,4_10436.wav,forest_ambience,FSC22
652,1_10112.wav,forest_ambience,FSC22
2007,23_12317.wav,forest_ambience,FSC22
515,5-156026-B-4.wav,forest_ambience,ESC50
787,2_10272.wav,forest_ambience,FSC22
1958,22_12243.wav,forest_ambience,FSC22
57,1-23094-B-15.wav,forest_ambience,ESC50
865,3_10375.wav,forest_ambience,FSC22
2125,24_12460.wav,forest_ambience,FSC22
198,2-32515-D-4.wav,forest_ambience,ESC50
103,1-56311-A-10.wav,forest_ambience,ESC50
1999,23_12309.wav,forest_ambience,FSC22
375,3-71964-B-4.wav,forest_ambience,ESC50
227,2-65747-A-12.wav,forest_ambience,ESC50
729,2_10214.wav,forest_ambience,FSC22
519,5-156999-B-19.wav,forest_ambience,ESC50
130,2-101676-A-10.wav,forest_ambience,ESC50
2045,23_12355.wav,forest_ambience,FSC22
872,4_10407.wav,forest_ambience,FSC22
1938,22_12223.wav,forest_ambience,FSC22
2082,24_12417.wav,forest_ambience,FSC22
717,2_10202.wav,forest_ambience,FSC22
728,2_10213.wav,forest_ambience,FSC22
560,5-189237-A-12.wav,forest_ambience,ESC50
632,5-257839-A-14.wav,forest_ambience,ESC50
1887,21_12147.wav,forest_ambience,FSC22
808,3_10318.wav,forest_ambience,FSC22
982,5_10542.wav,forest_ambience,FSC22
2149,27_12709.wav,forest_ambience,FSC22
863,3_10373.wav,forest_ambience,FSC22
911,4_10446.wav,forest_ambience,FSC22
708,1_10168.wav,forest_ambience,FSC22
112,1-65483-A-13.wav,forest_ambience,ESC50
746,2_10231.wav,forest_ambience,FSC22
169,2-139748-A-15.wav,forest_ambience,ESC50
1005,5_10565.wav,forest_ambience,FSC22
648,1_10108.wav,forest_ambience,FSC22
1895,21_12155.wav,forest_ambience,FSC22
503,4-223125-A-14.wav,forest_ambience,ESC50
557,5-188495-A-19.wav,forest_ambience,ESC50
709,1_10169.wav,forest_ambience,FSC22
2197,27_12757.wav,forest_ambience,FSC22
331,3-155578-A-14.wav,forest_ambience,ESC50
2068,24_12403.wav,forest_ambience,FSC22
1968,22_12253.wav,forest_ambience,FSC22
206,2-39443-B-19.wav,forest_ambience,ESC50
1978,22_12263.wav,forest_ambience,FSC22
882,4_10417.wav,forest_ambience,FSC22
817,3_10327.wav,forest_ambience,FSC22
771,2_10256.wav,forest_ambience,FSC22
629,5-254832-A-15.wav,forest_ambience,ESC50
643,1_10103.wav,forest_ambience,FSC22
465,4-182314-B-7.wav,forest_ambience,ESC50
958,5_10518.wav,forest_ambience,FSC22
2095,24_12430.wav,forest_ambience,FSC22
2023,23_12333.wav,forest_ambience,FSC22
1985,22_12270.wav,forest_ambience,FSC22
249,2-83270-A-13.wav,forest_ambience,ESC50
880,4_10415.wav,forest_ambience,FSC22
1936,22_12221.wav,forest_ambience,FSC22
2009,23_12319.wav,forest_ambience,FSC22
631,5-257349-A-15.wav,forest_ambience,ESC50
1992,23_12302.wav,forest_ambience,FSC22
925,4_10460.wav,forest_ambience,FSC22
64,1-24524-B-19.wav,forest_ambience,ESC50
300,3-129678-A-13.wav,forest_ambience,ESC50
439,4-168155-A-15.wav,forest_ambience,ESC50
558,5-188655-A-10.wav,forest_ambience,ESC50
832,3_10342.wav,forest_ambience,FSC22
669,1_10129.wav,forest_ambience,FSC22
2064,23_12374.wav,forest_ambience,FSC22
1981,22_12266.wav,forest_ambience,FSC22
1877,21_12137.wav,forest_ambience,FSC22
2187,27_12747.wav,forest_ambience,FSC22
2194,27_12754.wav,forest_ambience,FSC22
960,5_10520.wav,forest_ambience,FSC22
1919,22_12204.wav,forest_ambience,FSC22
117,1-75189-A-7.wav,forest_ambience,ESC50
767,2_10252.wav,forest_ambience,FSC22
2098,24_12433.wav,forest_ambience,FSC22
679,1_10139.wav,forest_ambience,FSC22
448,4-174797-A-15.wav,forest_ambience,ESC50
2015,23_12325.wav,forest_ambience,FSC22
564,5-193339-A-10.wav,forest_ambience,ESC50
862,3_10372.wav,forest_ambience,FSC22
404,4-130891-A-7.wav,forest_ambience,ESC50
422,4-161519-A-19.wav,forest_ambience,ESC50
800,3_10310.wav,forest_ambience,FSC22
886,4_10421.wav,forest_ambience,FSC22
556,5-187201-B-4.wav,forest_ambience,ESC50
807,3_10317.wav,forest_ambience,FSC22
985,5_10545.wav,forest_ambience,FSC22
2160,27_12720.wav,forest_ambience,FSC22
442,4-170247-A-12.wav,forest_ambience,ESC50
2108,24_12443.wav,forest_ambience,FSC22
778,2_10263.wav,forest_ambience,FSC22
125,1-9841-A-13.wav,forest_ambience,ESC50
171,2-139749-A-15.wav,forest_ambience,ESC50
1849,21_12109.wav,forest_ambience,FSC22
74,1-29561-A-10.wav,forest_ambience,ESC50
2121,24_12456.wav,forest_ambience,FSC22
463,4-181563-A-12.wav,forest_ambience,ESC50
355,3-166326-A-15.wav,forest_ambience,ESC50
745,2_10230.wav,forest_ambience,FSC22
1847,21_12107.wav,forest_ambience,FSC22
723,2_10208.wav,forest_ambience,FSC22
138,2-106019-A-13.wav,forest_ambience,ESC50
149,2-109371-D-16.wav,forest_ambience,ESC50
866,4_10401.wav,forest_ambience,FSC22
147,2-109371-B-16.wav,forest_ambience,ESC50
869,4_10404.wav,forest_ambience,FSC22
803,3_10313.wav,forest_ambience,FSC22
1994,23_12304.wav,forest_ambience,FSC22
1988,22_12273.wav,forest_ambience,FSC22
1987,22_12272.wav,forest_ambience,FSC22
713,1_10173.wav,forest_ambience,FSC22
820,3_10330.wav,forest_ambience,FSC22
615,5-243459-A-14.wav,forest_ambience,ESC50
1906,21_12166.wav,forest_ambience,FSC22
11,1-12654-A-15.wav,forest_ambience,ESC50
561,5-189795-A-4.wav,forest_ambience,ESC50
833,3_10343.wav,forest_ambience,FSC22
196,2-32515-B-4.wav,forest_ambience,ESC50
177,2-18766-B-12.wav,forest_ambience,ESC50
838,3_10348.wav,forest_ambience,FSC22
1879,21_12139.wav,forest_ambience,FSC22
566,5-193473-B-12.wav,forest_ambience,ESC50
1858,21_12118.wav,forest_ambience,FSC22
794,3_10304.wav,forest_ambience,FSC22
114,1-7057-A-12.wav,forest_ambience,ESC50
504,4-223127-A-14.wav,forest_ambience,ESC50
910,4_10445.wav,forest_ambience,FSC22
475,4-187769-B-14.wav,forest_ambience,ESC50
2174,27_12734.wav,forest_ambience,FSC22
427,4-163608-B-16.wav,forest_ambience,ESC50
2085,24_12420.wav,forest_ambience,FSC22
261,3-103050-A-19.wav,forest_ambience,ESC50
2142,27_12702.wav,forest_ambience,FSC22
720,2_10205.wav,forest_ambience,FSC22
907,4_10442.wav,forest_ambience,FSC22
225,2-64962-A-15.wav,forest_ambience,ESC50
2057,23_12367.wav,forest_ambience,FSC22
811,3_10321.wav,forest_ambience,FSC22
443,4-170247-B-12.wav,forest_ambience,ESC50
868,4_10403.wav,forest_ambience,FSC22
510,4-99644-B-4.wav,forest_ambience,ESC50
912,4_10447.wav,forest_ambience,FSC22
21,1-15689-B-4.wav,forest_ambience,ESC50
743,2_10228.wav,forest_ambience,FSC22
346,3-162786-A-13.wav,forest_ambience,ESC50
1842,21_12102.wav,forest_ambience,FSC22
651,1_10111.wav,forest_ambience,FSC22
146,2-109371-A-16.wav,forest_ambience,ESC50
670,1_10130.wav,forest_ambience,FSC22
813,3_10323.wav,forest_ambience,FSC22
874,4_10409.wav,forest_ambience,FSC22
1860,21_12120.wav,forest_ambience,FSC22
847,3_10357.wav,forest_ambience,FSC22
428,4-163609-A-16.wav,forest_ambience,ESC50
2137,24_12472.wav,forest_ambience,FSC22
373,3-70962-C-4.wav,forest_ambience,ESC50
1972,22_12257.wav,forest_ambience,FSC22
260,3-102908-A-4.wav,forest_ambience,ESC50
2038,23_12348.wav,forest_ambience,FSC22
2062,23_12372.wav,forest_ambience,FSC22
410,4-144083-C-16.wav,forest_ambience,ESC50
2132,24_12467.wav,forest_ambience,FSC22
1918,22_12203.wav,forest_ambience,FSC22
814,3_10324.wav,forest_ambience,FSC22
2171,27_12731.wav,forest_ambience,FSC22
314,3-144891-B-19.wav,forest_ambience,ESC50
2178,27_12738.wav,forest_ambience,FSC22
823,3_10333.wav,forest_ambience,FSC22
247,2-82077-A-7.wav,forest_ambience,ESC50
2139,24_12474.wav,forest_ambience,FSC22
839,3_10349.wav,forest_ambience,FSC22
759,2_10244.wav,forest_ambience,FSC22
2212,27_12772.wav,forest_ambience,FSC22
13,1-137296-A-16.wav,forest_ambience,ESC50
899,4_10434.wav,forest_ambience,FSC22
275,3-110913-A-7.wav,forest_ambience,ESC50
994,5_10554.wav,forest_ambience,FSC22
634,5-261433-A-15.wav,forest_ambience,ESC50
2037,23_12347.wav,forest_ambience,FSC22
406,4-143118-A-7.wav,forest_ambience,ESC50
581,5-204352-B-13.wav,forest_ambience,ESC50
878,4_10413.wav,forest_ambience,FSC22
2073,24_12408.wav,forest_ambience,FSC22
2042,23_12352.wav,forest_ambience,FSC22
1890,21_12150.wav,forest_ambience,FSC22
1891,21_12151.wav,forest_ambience,FSC22
1859,21_12119.wav,forest_ambience,FSC22
762,2_10247.wav,forest_ambience,FSC22
788,2_10273.wav,forest_ambience,FSC22
2163,27_12723.wav,forest_ambience,FSC22
2177,27_12737.wav,forest_ambience,FSC22
970,5_10530.wav,forest_ambience,FSC22
842,3_10352.wav,forest_ambience,FSC22
917,4_10452.wav,forest_ambience,FSC22
2162,27_12722.wav,forest_ambience,FSC22
721,2_10206.wav,forest_ambience,FSC22
989,5_10549.wav,forest_ambience,FSC22
2002,23_12312.wav,forest_ambience,FSC22
1913,21_12173.wav,forest_ambience,FSC22
297,3-124600-A-19.wav,forest_ambience,ESC50
411,4-144085-A-16.wav,forest_ambience,ESC50
2170,27_12730.wav,forest_ambience,FSC22
1986,22_12271.wav,forest_ambience,FSC22
374,3-71964-A-4.wav,forest_ambience,ESC50
2028,23_12338.wav,forest_ambience,FSC22
144,2-108760-B-14.wav,forest_ambience,ESC50
264,3-103051-C-19.wav,forest_ambience,ESC50
551,5-181766-A-10.wav,forest_ambience,ESC50
766,2_10251.wav,forest_ambience,FSC22
2211,27_12771.wav,forest_ambience,FSC22
2182,27_12742.wav,forest_ambience,FSC22
775,2_10260.wav,forest_ambience,FSC22
85,1-46938-A-7.wav,forest_ambience,ESC50
1004,5_10564.wav,forest_ambience,FSC22
245,2-81970-B-7.wav,forest_ambience,ESC50
1007,5_10567.wav,forest_ambience,FSC22
903,4_10438.wav,forest_ambience,FSC22
947,5_10507.wav,forest_ambience,FSC22
563,5-192191-A-19.wav,forest_ambience,ESC50
689,1_10149.wav,forest_ambience,FSC22
2065,23_12375.wav,forest_ambience,FSC22
1845,21_12105.wav,forest_ambience,FSC22
856,3_10366.wav,forest_ambience,FSC22
2053,23_12363.wav,forest_ambience,FSC22
2093,24_12428.wav,forest_ambience,FSC22
2013,23_12323.wav,forest_ambience,FSC22
1,1-100038-A-14.wav,forest_ambience,ESC50
703,1_10163.wav,forest_ambience,FSC22
641,1_10101.wav,forest_ambience,FSC22
663,1_10123.wav,forest_ambience,FSC22
568,5-194932-A-7.wav,forest_ambience,ESC50
2039,23_12349.wav,forest_ambience,FSC22
756,2_10241.wav,forest_ambience,FSC22
1959,22_12244.wav,forest_ambience,FSC22
951,5_10511.wav,forest_ambience,FSC22
1920,22_12205.wav,forest_ambience,FSC22
2116,24_12451.wav,forest_ambience,FSC22
2176,27_12736.wav,forest_ambience,FSC22
253,2-96033-A-13.wav,forest_ambience,ESC50
307,3-140774-A-10.wav,forest_ambience,ESC50
731,2_10216.wav,forest_ambience,FSC22
234,2-72547-C-14.wav,forest_ambience,ESC50
826,3_10336.wav,forest_ambience,FSC22
1013,5_10573.wav,forest_ambience,FSC22
2008,23_12318.wav,forest_ambience,FSC22
2159,27_12719.wav,forest_ambience,FSC22
163,2-125821-A-13.wav,forest_ambience,ESC50
2181,27_12741.wav,forest_ambience,FSC22
330,3-155577-A-14.wav,forest_ambience,ESC50
644,1_10104.wav,forest_ambience,FSC22
2169,27_12729.wav,forest_ambience,FSC22
489,4-197871-A-15.wav,forest_ambience,ESC50
1948,22_12233.wav,forest_ambience,FSC22
444,4-171207-A-12.wav,forest_ambience,ESC50
123,1-80841-A-13.wav,forest_ambience,ESC50
516,5-156026-C-4.wav,forest_ambience,ESC50
243,2-81731-A-10.wav,forest_ambience,ESC50
541,5-179496-A-16.wav,forest_ambience,ESC50
851,3_10361.wav,forest_ambience,FSC22
578,5-202898-A-10.wav,forest_ambience,ESC50
1961,22_12246.wav,forest_ambience,FSC22
780,2_10265.wav,forest_ambience,FSC22
848,3_10358.wav,forest_ambience,FSC22
2175,27_12735.wav,forest_ambience,FSC22
776,2_10261.wav,forest_ambience,FSC22
593,5-216216-A-13.wav,forest_ambience,ESC50
1916,22_12201.wav,forest_ambience,FSC22
299,3-129338-A-13.wav,forest_ambience,ESC50
63,1-24524-A-19.wav,forest_ambience,ESC50
797,3_10307.wav,forest_ambience,FSC22
342,3-157615-A-10.wav,forest_ambience,ESC50
941,5_10501.wav,forest_ambience,FSC22
304,3-134699-C-16.wav,forest_ambience,ESC50
883,4_10418.wav,forest_ambience,FSC22
310,3-142005-A-10.wav,forest_ambience,ESC50
799,3_10309.wav,forest_ambience,FSC22
1883,21_12143.wav,forest_ambience,FSC22
876,4_10411.wav,forest_ambience,FSC22
772,2_10257.wav,forest_ambience,FSC22
131,2-104105-A-19.wav,forest_ambience,ESC50
2029,23_12339.wav,forest_ambience,FSC22
421,4-161127-A-10.wav,forest_ambience,ESC50
376,3-71964-C-4.wav,forest_ambience,ESC50
1905,21_12165.wav,forest_ambience,FSC22
244,2-81970-A-7.wav,forest_ambience,ESC50
969,5_10529.wav,forest_ambience,FSC22
2100,24_12435.wav,forest_ambience,FSC22
334,3-155584-A-14.wav,forest_ambience,ESC50
82,1-46040-A-14.wav,forest_ambience,ESC50
204,2-39441-A-19.wav,forest_ambience,ESC50
998,5_10558.wav,forest_ambience,FSC22
835,3_10345.wav,forest_ambience,FSC22
1949,22_12234.wav,forest_ambience,FSC22
764,2_10249.wav,forest_ambience,FSC22
749,2_10234.wav,forest_ambience,FSC22
56,1-23094-A-15.wav,forest_ambience,ESC50
2018,23_12328.wav,forest_ambience,FSC22
859,3_10369.wav,forest_ambience,FSC22
2079,24_12414.wav,forest_ambience,FSC22
1943,22_12228.wav,forest_ambience,FSC22
647,1_10107.wav,forest_ambience,FSC22
992,5_10552.wav,forest_ambience,FSC22
664,1_10124.wav,forest_ambience,FSC22
735,2_10220.wav,forest_ambience,FSC22
468,4-182795-A-14.wav,forest_ambience,ESC50
924,4_10459.wav,forest_ambience,FSC22
1931,22_12216.wav,forest_ambience,FSC22
725,2_10210.wav,forest_ambience,FSC22
676,1_10136.wav,forest_ambience,FSC22
313,3-144891-A-19.wav,forest_ambience,ESC50
39,1-17970-A-4.wav,forest_ambience,ESC50
879,4_10414.wav,forest_ambience,FSC22
2115,24_12450.wav,forest_ambience,FSC22
113,1-69760-A-16.wav,forest_ambience,ESC50
487,4-195707-A-13.wav,forest_ambience,ESC50
2148,27_12708.wav,forest_ambience,FSC22
499,4-212604-C-15.wav,forest_ambience,ESC50
993,5_10553.wav,forest_ambience,FSC22
649,1_10109.wav,forest_ambience,FSC22
1886,21_12146.wav,forest_ambience,FSC22
976,5_10536.wav,forest_ambience,FSC22
956,5_10516.wav,forest_ambience,FSC22
828,3_10338.wav,forest_ambience,FSC22
2089,24_12424.wav,forest_ambience,FSC22
1868,21_12128.wav,forest_ambience,FSC22
737,2_10222.wav,forest_ambience,FSC22
674,1_10134.wav,forest_ambience,FSC22
2215,27_12775.wav,forest_ambience,FSC22
1917,22_12202.wav,forest_ambience,FSC22
656,1_10116.wav,forest_ambience,FSC22
693,1_10153.wav,forest_ambience,FSC22
132,2-104105-B-19.wav,forest_ambience,ESC50
2144,27_12704.wav,forest_ambience,FSC22
781,2_10266.wav,forest_ambience,FSC22
959,5_10519.wav,forest_ambience,FSC22
217,2-52085-A-4.wav,forest_ambience,ESC50
698,1_10158.wav,forest_ambience,FSC22
161,2-124564-A-15.wav,forest_ambience,ESC50
2168,27_12728.wav,forest_ambience,FSC22
779,2_10264.wav,forest_ambience,FSC22
2112,24_12447.wav,forest_ambience,FSC22
1851,21_12111.wav,forest_ambience,FSC22
26,1-17150-A-12.wav,forest_ambience,ESC50
677,1_10137.wav,forest_ambience,FSC22
1893,21_12153.wav,forest_ambience,FSC22
1217,8_10852.wav,human_activity_noise,FSC22
1634,16_11619.wav,human_activity_noise,FSC22
1670,16_11655.wav,human_activity_noise,FSC22
72,1-28808-A-43.wav,human_activity_noise,ESC50
1416,12_11226.wav,human_activity_noise,FSC22
1839,19_11974.wav,human_activity_noise,FSC22
183,2-209471-A-25.wav,human_activity_noise,ESC50
358,3-174840-A-43.wav,human_activity_noise,ESC50
1070,6_10655.wav,human_activity_noise,FSC22
1603,14_11463.wav,human_activity_noise,FSC22
1402,12_11212.wav,human_activity_noise,FSC22
190,2-209478-A-25.wav,human_activity_noise,ESC50
1437,12_11247.wav,human_activity_noise,FSC22
180,2-188822-C-40.wav,human_activity_noise,ESC50
1743,18_11853.wav,human_activity_noise,FSC22
1440,12_11250.wav,human_activity_noise,FSC22
1542,14_11402.wav,human_activity_noise,FSC22
1541,14_11401.wav,human_activity_noise,FSC22
617,5-243773-A-44.wav,human_activity_noise,ESC50
1827,19_11962.wav,human_activity_noise,FSC22
325,3-154758-A-44.wav,human_activity_noise,ESC50
108,1-62565-A-44.wav,human_activity_noise,ESC50
1431,12_11241.wav,human_activity_noise,FSC22
266,3-103598-A-25.wav,human_activity_noise,ESC50
210,2-42101-A-43.wav,human_activity_noise,ESC50
1555,14_11415.wav,human_activity_noise,FSC22
1807,19_11942.wav,human_activity_noise,FSC22
1720,18_11830.wav,human_activity_noise,FSC22
1191,8_10826.wav,human_activity_noise,FSC22
22,1-160563-A-48.wav,human_activity_noise,ESC50
158,2-117617-A-48.wav,human_activity_noise,ESC50
220,2-54086-A-43.wav,human_activity_noise,ESC50
1050,6_10635.wav,human_activity_noise,FSC22
1055,6_10640.wav,human_activity_noise,FSC22
1837,19_11972.wav,human_activity_noise,FSC22
1205,8_10840.wav,human_activity_noise,FSC22
1697,18_11807.wav,human_activity_noise,FSC22
639,5-263501-A-25.wav,human_activity_noise,ESC50
1227,8_10862.wav,human_activity_noise,FSC22
1617,16_11602.wav,human_activity_noise,FSC22
1219,8_10854.wav,human_activity_noise,FSC22
493,4-198962-A-25.wav,human_activity_noise,ESC50
530,5-160614-F-48.wav,human_activity_noise,ESC50
1793,19_11928.wav,human_activity_noise,FSC22
1047,6_10632.wav,human_activity_noise,FSC22
1775,19_11910.wav,human_activity_noise,FSC22
1240,8_10875.wav,human_activity_noise,FSC22
1813,19_11948.wav,human_activity_noise,FSC22
1556,14_11416.wav,human_activity_noise,FSC22
1675,16_11660.wav,human_activity_noise,FSC22
379,3-94343-A-25.wav,human_activity_noise,ESC50
1628,16_11613.wav,human_activity_noise,FSC22
1024,6_10609.wav,human_activity_noise,FSC22
1747,18_11857.wav,human_activity_noise,FSC22
1081,6_10666.wav,human_activity_noise,FSC22
1082,6_10667.wav,human_activity_noise,FSC22
1701,18_11811.wav,human_activity_noise,FSC22
388,4-117627-A-25.wav,human_activity_noise,ESC50
1734,18_11844.wav,human_activity_noise,FSC22
1647,16_11632.wav,human_activity_noise,FSC22
1063,6_10648.wav,human_activity_noise,FSC22
1787,19_11922.wav,human_activity_noise,FSC22
153,2-117615-B-48.wav,human_activity_noise,ESC50
1222,8_10857.wav,human_activity_noise,FSC22
321,3-150979-A-40.wav,human_activity_noise,ESC50
1593,14_11453.wav,human_activity_noise,FSC22
290,3-119120-B-48.wav,human_activity_noise,ESC50
1043,6_10628.wav,human_activity_noise,FSC22
544,5-179863-A-43.wav,human_activity_noise,ESC50
48,1-19026-A-43.wav,human_activity_noise,ESC50
1235,8_10870.wav,human_activity_noise,FSC22
637,5-263490-A-25.wav,human_activity_noise,ESC50
1691,18_11801.wav,human_activity_noise,FSC22
1076,6_10661.wav,human_activity_noise,FSC22
1214,8_10849.wav,human_activity_noise,FSC22
1616,16_11601.wav,human_activity_noise,FSC22
1025,6_10610.wav,human_activity_noise,FSC22
68,1-25781-A-48.wav,human_activity_noise,ESC50
1790,19_11925.wav,human_activity_noise,FSC22
1788,19_11923.wav,human_activity_noise,FSC22
1458,12_11268.wav,human_activity_noise,FSC22
1210,8_10845.wav,human_activity_noise,FSC22
1564,14_11424.wav,human_activity_noise,FSC22
1683,16_11668.wav,human_activity_noise,FSC22
1792,19_11927.wav,human_activity_noise,FSC22
1026,6_10611.wav,human_activity_noise,FSC22
1545,14_11405.wav,human_activity_noise,FSC22
1445,12_11255.wav,human_activity_noise,FSC22
279,3-115382-A-44.wav,human_activity_noise,ESC50
241,2-78651-A-44.wav,human_activity_noise,ESC50
1027,6_10612.wav,human_activity_noise,FSC22
1172,8_10807.wav,human_activity_noise,FSC22
1780,19_11915.wav,human_activity_noise,FSC22
1661,16_11646.wav,human_activity_noise,FSC22
69,1-26176-A-43.wav,human_activity_noise,ESC50
1029,6_10614.wav,human_activity_noise,FSC22
1463,12_11273.wav,human_activity_noise,FSC22
1439,12_11249.wav,human_activity_noise,FSC22
1785,19_11920.wav,human_activity_noise,FSC22
1552,14_11412.wav,human_activity_noise,FSC22
1715,18_11825.wav,human_activity_noise,FSC22
162,2-125520-A-43.wav,human_activity_noise,ESC50
529,5-160614-E-48.wav,human_activity_noise,ESC50
1237,8_10872.wav,human_activity_noise,FSC22
1642,16_11627.wav,human_activity_noise,FSC22
1190,8_10825.wav,human_activity_noise,FSC22
203,2-37806-D-40.wav,human_activity_noise,ESC50
7,1-115545-C-48.wav,human_activity_noise,ESC50
1231,8_10866.wav,human_activity_noise,FSC22
1397,12_11207.wav,human_activity_noise,FSC22
1569,14_11429.wav,human_activity_noise,FSC22
174,2-165801-A-48.wav,human_activity_noise,ESC50
1836,19_11971.wav,human_activity_noise,FSC22
1573,14_11433.wav,human_activity_noise,FSC22
1401,12_11211.wav,human_activity_noise,FSC22
1182,8_10817.wav,human_activity_noise,FSC22
1233,8_10868.wav,human_activity_noise,FSC22
1756,18_11866.wav,human_activity_noise,FSC22
1578,14_11438.wav,human_activity_noise,FSC22
445,4-171652-A-44.wav,human_activity_noise,ESC50
1060,6_10645.wav,human_activity_noise,FSC22
1821,19_11956.wav,human_activity_noise,FSC22
1597,14_11457.wav,human_activity_noise,FSC22
1039,6_10624.wav,human_activity_noise,FSC22
473,4-186962-A-44.wav,human_activity_noise,ESC50
294,3-119455-A-44.wav,human_activity_noise,ESC50
501,4-218304-A-25.wav,human_activity_noise,ESC50
1226,8_10861.wav,human_activity_noise,FSC22
1699,18_11809.wav,human_activity_noise,FSC22
562,5-191131-A-40.wav,human_activity_noise,ESC50
187,2-209475-A-25.wav,human_activity_noise,ESC50
1653,16_11638.wav,human_activity_noise,FSC22
423,4-161579-A-40.wav,human_activity_noise,ESC50
139,2-106486-A-44.wav,human_activity_noise,ESC50
188,2-209476-A-25.wav,human_activity_noise,ESC50
1652,16_11637.wav,human_activity_noise,FSC22
1799,19_11934.wav,human_activity_noise,FSC22
1209,8_10844.wav,human_activity_noise,FSC22
450,4-175000-B-40.wav,human_activity_noise,ESC50
1705,18_11815.wav,human_activity_noise,FSC22
1565,14_11425.wav,human_activity_noise,FSC22
1220,8_10855.wav,human_activity_noise,FSC22
1418,12_11228.wav,human_activity_noise,FSC22
1546,14_11406.wav,human_activity_noise,FSC22
451,4-175000-C-40.wav,human_activity_noise,ESC50
1562,14_11422.wav,human_activity_noise,FSC22
16,1-155858-C-25.wav,human_activity_noise,ESC50
1464,12_11274.wav,human_activity_noise,FSC22
1712,18_11822.wav,human_activity_noise,FSC22
1452,12_11262.wav,human_activity_noise,FSC22
1638,16_11623.wav,human_activity_noise,FSC22
470,4-186936-A-44.wav,human_activity_noise,ESC50
1031,6_10616.wav,human_activity_noise,FSC22
424,4-161579-B-40.wav,human_activity_noise,ESC50
1465,12_11275.wav,human_activity_noise,FSC22
1398,12_11208.wav,human_activity_noise,FSC22
135,2-106014-A-44.wav,human_activity_noise,ESC50
357,3-172922-A-48.wav,human_activity_noise,ESC50
1544,14_11404.wav,human_activity_noise,FSC22
165,2-128465-A-43.wav,human_activity_noise,ESC50
1229,8_10864.wav,human_activity_noise,FSC22
640,5-51149-A-25.wav,human_activity_noise,ESC50
1223,8_10858.wav,human_activity_noise,FSC22
1651,16_11636.wav,human_activity_noise,FSC22
54,1-223162-A-25.wav,human_activity_noise,ESC50
1064,6_10649.wav,human_activity_noise,FSC22
1822,19_11957.wav,human_activity_noise,FSC22
1547,14_11407.wav,human_activity_noise,FSC22
1215,8_10850.wav,human_activity_noise,FSC22
1393,12_11203.wav,human_activity_noise,FSC22
361,3-243726-A-43.wav,human_activity_noise,ESC50
267,3-103599-A-25.wav,human_activity_noise,ESC50
155,2-117615-D-48.wav,human_activity_noise,ESC50
1718,18_11828.wav,human_activity_noise,FSC22
1696,18_11806.wav,human_activity_noise,FSC22
1609,14_11469.wav,human_activity_noise,FSC22
1193,8_10828.wav,human_activity_noise,FSC22
1080,6_10665.wav,human_activity_noise,FSC22
1435,12_11245.wav,human_activity_noise,FSC22
1408,12_11218.wav,human_activity_noise,FSC22
1020,6_10605.wav,human_activity_noise,FSC22
32,1-172649-F-40.wav,human_activity_noise,ESC50
1187,8_10822.wav,human_activity_noise,FSC22
1177,8_10812.wav,human_activity_noise,FSC22
1586,14_11446.wav,human_activity_noise,FSC22
268,3-103599-B-25.wav,human_activity_noise,ESC50
178,2-188822-A-40.wav,human_activity_noise,ESC50
1034,6_10619.wav,human_activity_noise,FSC22
1457,12_11267.wav,human_activity_noise,FSC22
67,1-25777-A-48.wav,human_activity_noise,ESC50
1036,6_10621.wav,human_activity_noise,FSC22
1723,18_11833.wav,human_activity_noise,FSC22
1685,16_11670.wav,human_activity_noise,FSC22
1580,14_11440.wav,human_activity_noise,FSC22
582,5-205898-A-40.wav,human_activity_noise,ESC50
1594,14_11454.wav,human_activity_noise,FSC22
1051,6_10636.wav,human_activity_noise,FSC22
1741,18_11851.wav,human_activity_noise,FSC22
1623,16_11608.wav,human_activity_noise,FSC22
1449,12_11259.wav,human_activity_noise,FSC22
1717,18_11827.wav,human_activity_noise,FSC22
1224,8_10859.wav,human_activity_noise,FSC22
1403,12_11213.wav,human_activity_noise,FSC22
1561,14_11421.wav,human_activity_noise,FSC22
546,5-179866-A-43.wav,human_activity_noise,ESC50
1649,16_11634.wav,human_activity_noise,FSC22
1748,18_11858.wav,human_activity_noise,FSC22
1644,16_11629.wav,human_activity_noise,FSC22
1075,6_10660.wav,human_activity_noise,FSC22
452,4-175845-A-43.wav,human_activity_noise,ESC50
1028,6_10613.wav,human_activity_noise,FSC22
1794,19_11929.wav,human_activity_noise,FSC22
528,5-160614-D-48.wav,human_activity_noise,ESC50
1550,14_11410.wav,human_activity_noise,FSC22
1751,18_11861.wav,human_activity_noise,FSC22
1595,14_11455.wav,human_activity_noise,FSC22
1423,12_11233.wav,human_activity_noise,FSC22
1197,8_10832.wav,human_activity_noise,FSC22
1218,8_10853.wav,human_activity_noise,FSC22
1563,14_11423.wav,human_activity_noise,FSC22
328,3-155130-A-43.wav,human_activity_noise,ESC50
368,3-68630-A-40.wav,human_activity_noise,ESC50
1766,19_11901.wav,human_activity_noise,FSC22
1202,8_10837.wav,human_activity_noise,FSC22
1765,18_11875.wav,human_activity_noise,FSC22
1781,19_11916.wav,human_activity_noise,FSC22
308,3-141240-A-44.wav,human_activity_noise,ESC50
17,1-155858-D-25.wav,human_activity_noise,ESC50
293,3-119120-E-48.wav,human_activity_noise,ESC50
1665,16_11650.wav,human_activity_noise,FSC22
1392,12_11202.wav,human_activity_noise,FSC22
1769,19_11904.wav,human_activity_noise,FSC22
1658,16_11643.wav,human_activity_noise,FSC22
1453,12_11263.wav,human_activity_noise,FSC22
1831,19_11966.wav,human_activity_noise,FSC22
1764,18_11874.wav,human_activity_noise,FSC22
455,4-175856-A-43.wav,human_activity_noise,ESC50
66,1-254507-A-43.wav,human_activity_noise,ESC50
137,2-106015-B-44.wav,human_activity_noise,ESC50
136,2-106015-A-44.wav,human_activity_noise,ESC50
200,2-37806-A-40.wav,human_activity_noise,ESC50
532,5-160614-H-48.wav,human_activity_noise,ESC50
1066,6_10651.wav,human_activity_noise,FSC22
1749,18_11859.wav,human_activity_noise,FSC22
184,2-209472-A-25.wav,human_activity_noise,ESC50
23,1-160563-B-48.wav,human_activity_noise,ESC50
1225,8_10860.wav,human_activity_noise,FSC22
1706,18_11816.wav,human_activity_noise,FSC22
548,5-180156-A-43.wav,human_activity_noise,ESC50
1185,8_10820.wav,human_activity_noise,FSC22
1436,12_11246.wav,human_activity_noise,FSC22
1559,14_11419.wav,human_activity_noise,FSC22
1668,16_11653.wav,human_activity_noise,FSC22
1714,18_11824.wav,human_activity_noise,FSC22
547,5-179868-A-43.wav,human_activity_noise,ESC50
1613,14_11473.wav,human_activity_noise,FSC22
1601,14_11461.wav,human_activity_noise,FSC22
1610,14_11470.wav,human_activity_noise,FSC22
1073,6_10658.wav,human_activity_noise,FSC22
1181,8_10816.wav,human_activity_noise,FSC22
29,1-172649-C-40.wav,human_activity_noise,ESC50
1461,12_11271.wav,human_activity_noise,FSC22
1072,6_10657.wav,human_activity_noise,FSC22
1566,14_11426.wav,human_activity_noise,FSC22
1711,18_11821.wav,human_activity_noise,FSC22
1759,18_11869.wav,human_activity_noise,FSC22
1772,19_11907.wav,human_activity_noise,FSC22
1589,14_11449.wav,human_activity_noise,FSC22
1166,8_10801.wav,human_activity_noise,FSC22
1809,19_11944.wav,human_activity_noise,FSC22
19,1-155858-F-25.wav,human_activity_noise,ESC50
1065,6_10650.wav,human_activity_noise,FSC22
43,1-18527-B-44.wav,human_activity_noise,ESC50
1037,6_10622.wav,human_activity_noise,FSC22
1631,16_11616.wav,human_activity_noise,FSC22
1825,19_11960.wav,human_activity_noise,FSC22
1412,12_11222.wav,human_activity_noise,FSC22
1721,18_11831.wav,human_activity_noise,FSC22
1019,6_10604.wav,human_activity_noise,FSC22
1654,16_11639.wav,human_activity_noise,FSC22
309,3-141240-B-44.wav,human_activity_noise,ESC50
1703,18_11813.wav,human_activity_noise,FSC22
1183,8_10818.wav,human_activity_noise,FSC22
1629,16_11614.wav,human_activity_noise,FSC22
1175,8_10810.wav,human_activity_noise,FSC22
584,5-209992-B-44.wav,human_activity_noise,ESC50
1700,18_11810.wav,human_activity_noise,FSC22
1667,16_11652.wav,human_activity_noise,FSC22
485,4-194981-A-25.wav,human_activity_noise,ESC50
202,2-37806-C-40.wav,human_activity_noise,ESC50
1410,12_11220.wav,human_activity_noise,FSC22
1168,8_10803.wav,human_activity_noise,FSC22
186,2-209474-A-25.wav,human_activity_noise,ESC50
1739,18_11849.wav,human_activity_noise,FSC22
604,5-234855-A-25.wav,human_activity_noise,ESC50
1087,6_10672.wav,human_activity_noise,FSC22
1052,6_10637.wav,human_activity_noise,FSC22
292,3-119120-D-48.wav,human_activity_noise,ESC50
1729,18_11839.wav,human_activity_noise,FSC22
378,3-94342-A-25.wav,human_activity_noise,ESC50
393,4-119647-D-48.wav,human_activity_noise,ESC50
1710,18_11820.wav,human_activity_noise,FSC22
1180,8_10815.wav,human_activity_noise,FSC22
1054,6_10639.wav,human_activity_noise,FSC22
5,1-115545-A-48.wav,human_activity_noise,ESC50
1832,19_11967.wav,human_activity_noise,FSC22
1404,12_11214.wav,human_activity_noise,FSC22
1746,18_11856.wav,human_activity_noise,FSC22
1737,18_11847.wav,human_activity_noise,FSC22
1169,8_10804.wav,human_activity_noise,FSC22
370,3-68630-C-40.wav,human_activity_noise,ESC50
1044,6_10629.wav,human_activity_noise,FSC22
1391,12_11201.wav,human_activity_noise,FSC22
1396,12_11206.wav,human_activity_noise,FSC22
1090,6_10675.wav,human_activity_noise,FSC22
1599,14_11459.wav,human_activity_noise,FSC22
469,4-186935-A-44.wav,human_activity_noise,ESC50
1804,19_11939.wav,human_activity_noise,FSC22
1818,19_11953.wav,human_activity_noise,FSC22
1770,19_11905.wav,human_activity_noise,FSC22
1643,16_11628.wav,human_activity_noise,FSC22
1084,6_10669.wav,human_activity_noise,FSC22
1824,19_11959.wav,human_activity_noise,FSC22
1198,8_10833.wav,human_activity_noise,FSC22
1201,8_10836.wav,human_activity_noise,FSC22
141,2-107228-A-44.wav,human_activity_noise,ESC50
1077,6_10662.wav,human_activity_noise,FSC22
620,5-244310-A-25.wav,human_activity_noise,ESC50
1840,19_11975.wav,human_activity_noise,FSC22
1722,18_11832.wav,human_activity_noise,FSC22
356,3-172881-A-48.wav,human_activity_noise,ESC50
1619,16_11604.wav,human_activity_noise,FSC22
1657,16_11642.wav,human_activity_noise,FSC22
1800,19_11935.wav,human_activity_noise,FSC22
324,3-153057-A-43.wav,human_activity_noise,ESC50
1429,12_11239.wav,human_activity_noise,FSC22
1763,18_11873.wav,human_activity_noise,FSC22
1641,16_11626.wav,human_activity_noise,FSC22
1695,18_11805.wav,human_activity_noise,FSC22
549,5-180156-B-43.wav,human_activity_noise,ESC50
1195,8_10830.wav,human_activity_noise,FSC22
1774,19_11909.wav,human_activity_noise,FSC22
1812,19_11947.wav,human_activity_noise,FSC22
478,4-191015-A-43.wav,human_activity_noise,ESC50
392,4-119647-C-48.wav,human_activity_noise,ESC50
1688,16_11673.wav,human_activity_noise,FSC22
1744,18_11854.wav,human_activity_noise,FSC22
599,5-220955-A-40.wav,human_activity_noise,ESC50
1584,14_11444.wav,human_activity_noise,FSC22
1549,14_11409.wav,human_activity_noise,FSC22
1421,12_11231.wav,human_activity_noise,FSC22
1830,19_11965.wav,human_activity_noise,FSC22
1422,12_11232.wav,human_activity_noise,FSC22
1212,8_10847.wav,human_activity_noise,FSC22
1394,12_11204.wav,human_activity_noise,FSC22
1783,19_11918.wav,human_activity_noise,FSC22
457,4-176638-A-43.wav,human_activity_noise,ESC50
456,4-176631-A-43.wav,human_activity_noise,ESC50
1548,14_11408.wav,human_activity_noise,FSC22
1211,8_10846.wav,human_activity_noise,FSC22
40,1-181071-A-40.wav,human_activity_noise,ESC50
540,5-177957-E-40.wav,human_activity_noise,ESC50
1704,18_11814.wav,human_activity_noise,FSC22
1203,8_10838.wav,human_activity_noise,FSC22
1789,19_11924.wav,human_activity_noise,FSC22
25,1-17124-A-43.wav,human_activity_noise,ESC50
1196,8_10831.wav,human_activity_noise,FSC22
1395,12_11205.wav,human_activity_noise,FSC22
55,1-22882-A-44.wav,human_activity_noise,ESC50
1655,16_11640.wav,human_activity_noise,FSC22
537,5-177957-B-40.wav,human_activity_noise,ESC50
107,1-61261-A-44.wav,human_activity_noise,ESC50
1558,14_11418.wav,human_activity_noise,FSC22
1061,6_10646.wav,human_activity_noise,FSC22
1189,8_10824.wav,human_activity_noise,FSC22
1808,19_11943.wav,human_activity_noise,FSC22
1088,6_10673.wav,human_activity_noise,FSC22
486,4-195451-A-44.wav,human_activity_noise,ESC50
394,4-119648-A-48.wav,human_activity_noise,ESC50
1630,16_11615.wav,human_activity_noise,FSC22
1232,8_10867.wav,human_activity_noise,FSC22
1178,8_10813.wav,human_activity_noise,FSC22
366,3-259622-A-44.wav,human_activity_noise,ESC50
1446,12_11256.wav,human_activity_noise,FSC22
543,5-179860-A-43.wav,human_activity_noise,ESC50
1400,12_11210.wav,human_activity_noise,FSC22
1434,12_11244.wav,human_activity_noise,FSC22
166,2-128465-B-43.wav,human_activity_noise,ESC50
1709,18_11819.wav,human_activity_noise,FSC22
1038,6_10623.wav,human_activity_noise,FSC22
1171,8_10806.wav,human_activity_noise,FSC22
31,1-172649-E-40.wav,human_activity_noise,ESC50
1828,19_11963.wav,human_activity_noise,FSC22
1213,8_10848.wav,human_activity_noise,FSC22
1071,6_10656.wav,human_activity_noise,FSC22
1572,14_11432.wav,human_activity_noise,FSC22
1810,19_11945.wav,human_activity_noise,FSC22
607,5-240671-A-44.wav,human_activity_noise,ESC50
1596,14_11456.wav,human_activity_noise,FSC22
1755,18_11865.wav,human_activity_noise,FSC22
1450,12_11260.wav,human_activity_noise,FSC22
315,3-145577-A-43.wav,human_activity_noise,ESC50
550,5-180156-C-43.wav,human_activity_noise,ESC50
1192,8_10827.wav,human_activity_noise,FSC22
1583,14_11443.wav,human_activity_noise,FSC22
1648,16_11633.wav,human_activity_noise,FSC22
1611,14_11471.wav,human_activity_noise,FSC22
1753,18_11863.wav,human_activity_noise,FSC22
1754,18_11864.wav,human_activity_noise,FSC22
1585,14_11445.wav,human_activity_noise,FSC22
15,1-155858-B-25.wav,human_activity_noise,ESC50
1826,19_11961.wav,human_activity_noise,FSC22
140,2-106487-A-44.wav,human_activity_noise,ESC50
1553,14_11413.wav,human_activity_noise,FSC22
1724,18_11834.wav,human_activity_noise,FSC22
539,5-177957-D-40.wav,human_activity_noise,ESC50
30,1-172649-D-40.wav,human_activity_noise,ESC50
152,2-117615-A-48.wav,human_activity_noise,ESC50
1835,19_11970.wav,human_activity_noise,FSC22
1778,19_11913.wav,human_activity_noise,FSC22
8,1-115546-A-48.wav,human_activity_noise,ESC50
1606,14_11466.wav,human_activity_noise,FSC22
1567,14_11427.wav,human_activity_noise,FSC22
1207,8_10842.wav,human_activity_noise,FSC22
1782,19_11917.wav,human_activity_noise,FSC22
1174,8_10809.wav,human_activity_noise,FSC22
319,3-146697-A-43.wav,human_activity_noise,ESC50
1176,8_10811.wav,human_activity_noise,FSC22
1698,18_11808.wav,human_activity_noise,FSC22
1041,6_10626.wav,human_activity_noise,FSC22
61,1-24074-A-43.wav,human_activity_noise,ESC50
1684,16_11669.wav,human_activity_noise,FSC22
1079,6_10664.wav,human_activity_noise,FSC22
154,2-117615-C-48.wav,human_activity_noise,ESC50
1405,12_11215.wav,human_activity_noise,FSC22
1045,6_10630.wav,human_activity_noise,FSC22
99,1-51147-A-25.wav,human_activity_noise,ESC50
495,4-201988-A-44.wav,human_activity_noise,ESC50
1053,6_10638.wav,human_activity_noise,FSC22
1811,19_11946.wav,human_activity_noise,FSC22
1415,12_11225.wav,human_activity_noise,FSC22
1411,12_11221.wav,human_activity_noise,FSC22
545,5-179865-A-43.wav,human_activity_noise,ESC50
1833,19_11968.wav,human_activity_noise,FSC22
395,4-119648-B-48.wav,human_activity_noise,ESC50
1650,16_11635.wav,human_activity_noise,FSC22
619,5-243783-A-44.wav,human_activity_noise,ESC50
1732,18_11842.wav,human_activity_noise,FSC22
1740,18_11850.wav,human_activity_noise,FSC22
1581,14_11441.wav,human_activity_noise,FSC22
1602,14_11462.wav,human_activity_noise,FSC22
1736,18_11846.wav,human_activity_noise,FSC22
1815,19_11950.wav,human_activity_noise,FSC22
1719,18_11829.wav,human_activity_noise,FSC22
1738,18_11848.wav,human_activity_noise,FSC22
185,2-209473-A-25.wav,human_activity_noise,ESC50
1598,14_11458.wav,human_activity_noise,FSC22
536,5-177957-A-40.wav,human_activity_noise,ESC50
1560,14_11420.wav,human_activity_noise,FSC22
1633,16_11618.wav,human_activity_noise,FSC22
527,5-160614-C-48.wav,human_activity_noise,ESC50
1200,8_10835.wav,human_activity_noise,FSC22
618,5-243773-B-44.wav,human_activity_noise,ESC50
1632,16_11617.wav,human_activity_noise,FSC22
1406,12_11216.wav,human_activity_noise,FSC22
1424,12_11234.wav,human_activity_noise,FSC22
1768,19_11903.wav,human_activity_noise,FSC22
1639,16_11624.wav,human_activity_noise,FSC22
484,4-194979-A-25.wav,human_activity_noise,ESC50
1819,19_11954.wav,human_activity_noise,FSC22
1622,16_11607.wav,human_activity_noise,FSC22
1042,6_10627.wav,human_activity_noise,FSC22
1742,18_11852.wav,human_activity_noise,FSC22
1694,18_11804.wav,human_activity_noise,FSC22
327,3-154926-B-40.wav,human_activity_noise,ESC50
1462,12_11272.wav,human_activity_noise,FSC22
1460,12_11270.wav,human_activity_noise,FSC22
1771,19_11906.wav,human_activity_noise,FSC22
1664,16_11649.wav,human_activity_noise,FSC22
201,2-37806-B-40.wav,human_activity_noise,ESC50
369,3-68630-B-40.wav,human_activity_noise,ESC50
1448,12_11258.wav,human_activity_noise,FSC22
1814,19_11949.wav,human_activity_noise,FSC22
380,3-94344-A-25.wav,human_activity_noise,ESC50
157,2-117616-A-48.wav,human_activity_noise,ESC50
482,4-193480-B-40.wav,human_activity_noise,ESC50
1444,12_11254.wav,human_activity_noise,FSC22
1805,19_11940.wav,human_activity_noise,FSC22
1023,6_10608.wav,human_activity_noise,FSC22
1692,18_11802.wav,human_activity_noise,FSC22
1635,16_11620.wav,human_activity_noise,FSC22
1627,16_11612.wav,human_activity_noise,FSC22
1674,16_11659.wav,human_activity_noise,FSC22
18,1-155858-E-25.wav,human_activity_noise,ESC50
1702,18_11812.wav,human_activity_noise,FSC22
95,1-50661-A-44.wav,human_activity_noise,ESC50
1568,14_11428.wav,human_activity_noise,FSC22
454,4-175855-A-43.wav,human_activity_noise,ESC50
1069,6_10654.wav,human_activity_noise,FSC22
1194,8_10829.wav,human_activity_noise,FSC22
1660,16_11645.wav,human_activity_noise,FSC22
1663,16_11648.wav,human_activity_noise,FSC22
1409,12_11219.wav,human_activity_noise,FSC22
172,2-144137-A-43.wav,human_activity_noise,ESC50
1615,14_11475.wav,human_activity_noise,FSC22
1798,19_11933.wav,human_activity_noise,FSC22
364,3-249913-A-25.wav,human_activity_noise,ESC50
1637,16_11622.wav,human_activity_noise,FSC22
1645,16_11630.wav,human_activity_noise,FSC22
1760,18_11870.wav,human_activity_noise,FSC22
1078,6_10663.wav,human_activity_noise,FSC22
1725,18_11835.wav,human_activity_noise,FSC22
1188,8_10823.wav,human_activity_noise,FSC22
1455,12_11265.wav,human_activity_noise,FSC22
481,4-193480-A-40.wav,human_activity_noise,ESC50
1713,18_11823.wav,human_activity_noise,FSC22
1758,18_11868.wav,human_activity_noise,FSC22
1604,14_11464.wav,human_activity_noise,FSC22
472,4-186940-A-44.wav,human_activity_noise,ESC50
471,4-186938-A-44.wav,human_activity_noise,ESC50
1646,16_11631.wav,human_activity_noise,FSC22
1786,19_11921.wav,human_activity_noise,FSC22
1659,16_11644.wav,human_activity_noise,FSC22
1239,8_10874.wav,human_activity_noise,FSC22
1579,14_11439.wav,human_activity_noise,FSC22
1216,8_10851.wav,human_activity_noise,FSC22
601,5-232272-A-44.wav,human_activity_noise,ESC50
391,4-119647-B-48.wav,human_activity_noise,ESC50
1731,18_11841.wav,human_activity_noise,FSC22
459,4-178402-A-43.wav,human_activity_noise,ESC50
1806,19_11941.wav,human_activity_noise,FSC22
638,5-263491-A-25.wav,human_activity_noise,ESC50
1170,8_10805.wav,human_activity_noise,FSC22
1184,8_10819.wav,human_activity_noise,FSC22
1441,12_11251.wav,human_activity_noise,FSC22
390,4-119647-A-48.wav,human_activity_noise,ESC50
583,5-209992-A-44.wav,human_activity_noise,ESC50
1018,6_10603.wav,human_activity_noise,FSC22
1554,14_11414.wav,human_activity_noise,FSC22
1062,6_10647.wav,human_activity_noise,FSC22
1456,12_11266.wav,human_activity_noise,FSC22
1757,18_11867.wav,human_activity_noise,FSC22
397,4-119648-D-48.wav,human_activity_noise,ESC50
1443,12_11253.wav,human_activity_noise,FSC22
1686,16_11671.wav,human_activity_noise,FSC22
1801,19_11936.wav,human_activity_noise,FSC22
1035,6_10620.wav,human_activity_noise,FSC22
1773,19_11908.wav,human_activity_noise,FSC22
1666,16_11651.wav,human_activity_noise,FSC22
1776,19_11911.wav,human_activity_noise,FSC22
1673,16_11658.wav,human_activity_noise,FSC22
1427,12_11237.wav,human_activity_noise,FSC22
1817,19_11952.wav,human_activity_noise,FSC22
1625,16_11610.wav,human_activity_noise,FSC22
1083,6_10668.wav,human_activity_noise,FSC22
1557,14_11417.wav,human_activity_noise,FSC22
1612,14_11472.wav,human_activity_noise,FSC22
365,3-251617-A-48.wav,human_activity_noise,ESC50
1048,6_10633.wav,human_activity_noise,FSC22
1745,18_11855.wav,human_activity_noise,FSC22
1414,12_11224.wav,human_activity_noise,FSC22
1049,6_10634.wav,human_activity_noise,FSC22
1687,16_11672.wav,human_activity_noise,FSC22
1208,8_10843.wav,human_activity_noise,FSC22
1451,12_11261.wav,human_activity_noise,FSC22
1795,19_11930.wav,human_activity_noise,FSC22
1399,12_11209.wav,human_activity_noise,FSC22
1074,6_10659.wav,human_activity_noise,FSC22
1173,8_10808.wav,human_activity_noise,FSC22
1417,12_11227.wav,human_activity_noise,FSC22
1425,12_11235.wav,human_activity_noise,FSC22
1040,6_10625.wav,human_activity_noise,FSC22
1803,19_11938.wav,human_activity_noise,FSC22
1707,18_11817.wav,human_activity_noise,FSC22
1588,14_11448.wav,human_activity_noise,FSC22
1238,8_10873.wav,human_activity_noise,FSC22
1621,16_11606.wav,human_activity_noise,FSC22
1829,19_11964.wav,human_activity_noise,FSC22
1784,19_11919.wav,human_activity_noise,FSC22
1767,19_11902.wav,human_activity_noise,FSC22
1733,18_11843.wav,human_activity_noise,FSC22
1726,18_11836.wav,human_activity_noise,FSC22
1672,16_11657.wav,human_activity_noise,FSC22
1693,18_11803.wav,human_activity_noise,FSC22
289,3-119120-A-48.wav,human_activity_noise,ESC50
1058,6_10643.wav,human_activity_noise,FSC22
502,4-218304-B-25.wav,human_activity_noise,ESC50
1640,16_11625.wav,human_activity_noise,FSC22
93,1-50455-A-44.wav,human_activity_noise,ESC50
1656,16_11641.wav,human_activity_noise,FSC22
538,5-177957-C-40.wav,human_activity_noise,ESC50
1735,18_11845.wav,human_activity_noise,FSC22
1727,18_11837.wav,human_activity_noise,FSC22
1796,19_11931.wav,human_activity_noise,FSC22
318,3-146186-A-44.wav,human_activity_noise,ESC50
1679,16_11664.wav,human_activity_noise,FSC22
1056,6_10641.wav,human_activity_noise,FSC22
1690,16_11675.wav,human_activity_noise,FSC22
1576,14_11436.wav,human_activity_noise,FSC22
1669,16_11654.wav,human_activity_noise,FSC22
9,1-116765-A-41.wav,illegal_logging,ESC50
47,1-18810-A-49.wav,illegal_logging,ESC50
50,1-19898-A-41.wav,illegal_logging,ESC50
51,1-19898-B-41.wav,illegal_logging,ESC50
52,1-19898-C-41.wav,illegal_logging,ESC50
60,1-23706-A-49.wav,illegal_logging,ESC50
84,1-46353-A-49.wav,illegal_logging,ESC50
87,1-47250-A-41.wav,illegal_logging,ESC50
88,1-47250-B-41.wav,illegal_logging,ESC50
110,1-64398-A-41.wav,illegal_logging,ESC50
111,1-64398-B-41.wav,illegal_logging,ESC50
119,1-7974-A-49.wav,illegal_logging,ESC50
120,1-7974-B-49.wav,illegal_logging,ESC50
126,1-9886-A-49.wav,illegal_logging,ESC50
127,1-9887-A-49.wav,illegal_logging,ESC50
128,1-9887-B-49.wav,illegal_logging,ESC50
167,2-135860-A-49.wav,illegal_logging,ESC50
175,2-184077-A-49.wav,illegal_logging,ESC50
211,2-50667-A-41.wav,illegal_logging,ESC50
212,2-50667-B-41.wav,illegal_logging,ESC50
213,2-50668-A-41.wav,illegal_logging,ESC50
214,2-50668-B-41.wav,illegal_logging,ESC50
215,2-51630-A-49.wav,illegal_logging,ESC50
216,2-51630-B-49.wav,illegal_logging,ESC50
221,2-59321-A-49.wav,illegal_logging,ESC50
222,2-60180-A-49.wav,illegal_logging,ESC50
223,2-60180-B-49.wav,illegal_logging,ESC50
228,2-68391-A-41.wav,illegal_logging,ESC50
229,2-68391-B-41.wav,illegal_logging,ESC50
239,2-77945-A-41.wav,illegal_logging,ESC50
240,2-77945-B-41.wav,illegal_logging,ESC50
250,2-84693-A-49.wav,illegal_logging,ESC50
257,3-102583-A-49.wav,illegal_logging,ESC50
258,3-102583-B-49.wav,illegal_logging,ESC50
259,3-102583-C-49.wav,illegal_logging,ESC50
282,3-118656-A-41.wav,illegal_logging,ESC50
283,3-118657-A-41.wav,illegal_logging,ESC50
284,3-118657-B-41.wav,illegal_logging,ESC50
285,3-118658-A-41.wav,illegal_logging,ESC50
286,3-118658-B-41.wav,illegal_logging,ESC50
287,3-118972-A-41.wav,illegal_logging,ESC50
288,3-118972-B-41.wav,illegal_logging,ESC50
353,3-165856-A-41.wav,illegal_logging,ESC50
360,3-208820-A-49.wav,illegal_logging,ESC50
381,3-96606-A-49.wav,illegal_logging,ESC50
382,3-96606-B-49.wav,illegal_logging,ESC50
383,3-97909-A-49.wav,illegal_logging,ESC50
384,3-97909-B-49.wav,illegal_logging,ESC50
385,4-102844-A-49.wav,illegal_logging,ESC50
386,4-102844-B-49.wav,illegal_logging,ESC50
387,4-102844-C-49.wav,illegal_logging,ESC50
412,4-149294-A-41.wav,illegal_logging,ESC50
413,4-149294-B-41.wav,illegal_logging,ESC50
416,4-157611-A-41.wav,illegal_logging,ESC50
417,4-157611-B-41.wav,illegal_logging,ESC50
436,4-165823-A-41.wav,illegal_logging,ESC50
437,4-165823-B-41.wav,illegal_logging,ESC50
440,4-169127-A-41.wav,illegal_logging,ESC50
441,4-169127-B-41.wav,illegal_logging,ESC50
490,4-198360-A-49.wav,illegal_logging,ESC50
491,4-198360-B-49.wav,illegal_logging,ESC50
492,4-198360-C-49.wav,illegal_logging,ESC50
505,4-251645-A-49.wav,illegal_logging,ESC50
506,4-251645-B-49.wav,illegal_logging,ESC50
533,5-170338-A-41.wav,illegal_logging,ESC50
534,5-170338-B-41.wav,illegal_logging,ESC50
535,5-171653-A-41.wav,illegal_logging,ESC50
552,5-185579-A-41.wav,illegal_logging,ESC50
553,5-185579-B-41.wav,illegal_logging,ESC50
594,5-216370-A-41.wav,illegal_logging,ESC50
595,5-216370-B-41.wav,illegal_logging,ESC50
600,5-222524-A-41.wav,illegal_logging,ESC50
621,5-250258-A-49.wav,illegal_logging,ESC50
622,5-253094-A-49.wav,illegal_logging,ESC50
623,5-253094-B-49.wav,illegal_logging,ESC50
624,5-253094-C-49.wav,illegal_logging,ESC50
625,5-253094-D-49.wav,illegal_logging,ESC50
626,5-253101-A-49.wav,illegal_logging,ESC50
627,5-253101-B-49.wav,illegal_logging,ESC50
628,5-253101-C-49.wav,illegal_logging,ESC50
1241,10_11001.wav,illegal_logging,FSC22
1242,10_11002.wav,illegal_logging,FSC22
1243,10_11003.wav,illegal_logging,FSC22
1244,10_11004.wav,illegal_logging,FSC22
1245,10_11005.wav,illegal_logging,FSC22
1246,10_11006.wav,illegal_logging,FSC22
1247,10_11007.wav,illegal_logging,FSC22
1248,10_11008.wav,illegal_logging,FSC22
1249,10_11009.wav,illegal_logging,FSC22
1250,10_11010.wav,illegal_logging,FSC22
1251,10_11011.wav,illegal_logging,FSC22
1252,10_11012.wav,illegal_logging,FSC22
1253,10_11013.wav,illegal_logging,FSC22
1254,10_11014.wav,illegal_logging,FSC22
1255,10_11015.wav,illegal_logging,FSC22
1256,10_11016.wav,illegal_logging,FSC22
1257,10_11017.wav,illegal_logging,FSC22
1258,10_11018.wav,illegal_logging,FSC22
1259,10_11019.wav,illegal_logging,FSC22
1260,10_11020.wav,illegal_logging,FSC22
1261,10_11021.wav,illegal_logging,FSC22
1262,10_11022.wav,illegal_logging,FSC22
1263,10_11023.wav,illegal_logging,FSC22
1264,10_11024.wav,illegal_logging,FSC22
1265,10_11025.wav,illegal_logging,FSC22
1266,10_11026.wav,illegal_logging,FSC22
1267,10_11027.wav,illegal_logging,FSC22
1268,10_11028.wav,illegal_logging,FSC22
1269,10_11029.wav,illegal_logging,FSC22
1270,10_11030.wav,illegal_logging,FSC22
1271,10_11031.wav,illegal_logging,FSC22
1272,10_11032.wav,illegal_logging,FSC22
1273,10_11033.wav,illegal_logging,FSC22
1274,10_11034.wav,illegal_logging,FSC22
1275,10_11035.wav,illegal_logging,FSC22
1276,10_11036.wav,illegal_logging,FSC22
1277,10_11037.wav,illegal_logging,FSC22
1278,10_11038.wav,illegal_logging,FSC22
1279,10_11039.wav,illegal_logging,FSC22
1280,10_11040.wav,illegal_logging,FSC22
1281,10_11041.wav,illegal_logging,FSC22
1282,10_11042.wav,illegal_logging,FSC22
1283,10_11043.wav,illegal_logging,FSC22
1284,10_11044.wav,illegal_logging,FSC22
1285,10_11045.wav,illegal_logging,FSC22
1286,10_11046.wav,illegal_logging,FSC22
1287,10_11047.wav,illegal_logging,FSC22
1288,10_11048.wav,illegal_logging,FSC22
1289,10_11049.wav,illegal_logging,FSC22
1290,10_11050.wav,illegal_logging,FSC22
1291,10_11051.wav,illegal_logging,FSC22
1292,10_11052.wav,illegal_logging,FSC22
1293,10_11053.wav,illegal_logging,FSC22
1294,10_11054.wav,illegal_logging,FSC22
1295,10_11055.wav,illegal_logging,FSC22
1296,10_11056.wav,illegal_logging,FSC22
1297,10_11057.wav,illegal_logging,FSC22
1298,10_11058.wav,illegal_logging,FSC22
1299,10_11059.wav,illegal_logging,FSC22
1300,10_11060.wav,illegal_logging,FSC22
1301,10_11061.wav,illegal_logging,FSC22
1302,10_11062.wav,illegal_logging,FSC22
1303,10_11063.wav,illegal_logging,FSC22
1304,10_11064.wav,illegal_logging,FSC22
1305,10_11065.wav,illegal_logging,FSC22
1306,10_11066.wav,illegal_logging,FSC22
1307,10_11067.wav,illegal_logging,FSC22
1308,10_11068.wav,illegal_logging,FSC22
1309,10_11069.wav,illegal_logging,FSC22
1310,10_11070.wav,illegal_logging,FSC22
1311,10_11071.wav,illegal_logging,FSC22
1312,10_11072.wav,illegal_logging,FSC22
1313,10_11073.wav,illegal_logging,FSC22
1314,10_11074.wav,illegal_logging,FSC22
1315,10_11075.wav,illegal_logging,FSC22
1316,11_11101.wav,illegal_logging,FSC22
1317,11_11102.wav,illegal_logging,FSC22
1318,11_11103.wav,illegal_logging,FSC22
1319,11_11104.wav,illegal_logging,FSC22
1320,11_11105.wav,illegal_logging,FSC22
1321,11_11106.wav,illegal_logging,FSC22
1322,11_11107.wav,illegal_logging,FSC22
1323,11_11108.wav,illegal_logging,FSC22
1324,11_11109.wav,illegal_logging,FSC22
1325,11_11110.wav,illegal_logging,FSC22
1326,11_11111.wav,illegal_logging,FSC22
1327,11_11112.wav,illegal_logging,FSC22
1328,11_11113.wav,illegal_logging,FSC22
1329,11_11114.wav,illegal_logging,FSC22
1330,11_11115.wav,illegal_logging,FSC22
1331,11_11116.wav,illegal_logging,FSC22
1332,11_11117.wav,illegal_logging,FSC22
1333,11_11118.wav,illegal_logging,FSC22
1334,11_11119.wav,illegal_logging,FSC22
1335,11_11120.wav,illegal_logging,FSC22
1336,11_11121.wav,illegal_logging,FSC22
1337,11_11122.wav,illegal_logging,FSC22
1338,11_11123.wav,illegal_logging,FSC22
1339,11_11124.wav,illegal_logging,FSC22
1340,11_11125.wav,illegal_logging,FSC22
1341,11_11126.wav,illegal_logging,FSC22
1342,11_11127.wav,illegal_logging,FSC22
1343,11_11128.wav,illegal_logging,FSC22
1344,11_11129.wav,illegal_logging,FSC22
1345,11_11130.wav,illegal_logging,FSC22
1346,11_11131.wav,illegal_logging,FSC22
1347,11_11132.wav,illegal_logging,FSC22
1348,11_11133.wav,illegal_logging,FSC22
1349,11_11134.wav,illegal_logging,FSC22
1350,11_11135.wav,illegal_logging,FSC22
1351,11_11136.wav,illegal_logging,FSC22
1352,11_11137.wav,illegal_logging,FSC22
1353,11_11138.wav,illegal_logging,FSC22
1354,11_11139.wav,illegal_logging,FSC22
1355,11_11140.wav,illegal_logging,FSC22
1356,11_11141.wav,illegal_logging,FSC22
1357,11_11142.wav,illegal_logging,FSC22
1358,11_11143.wav,illegal_logging,FSC22
1359,11_11144.wav,illegal_logging,FSC22
1360,11_11145.wav,illegal_logging,FSC22
1361,11_11146.wav,illegal_logging,FSC22
1362,11_11147.wav,illegal_logging,FSC22
1363,11_11148.wav,illegal_logging,FSC22
1364,11_11149.wav,illegal_logging,FSC22
1365,11_11150.wav,illegal_logging,FSC22
1366,11_11151.wav,illegal_logging,FSC22
1367,11_11152.wav,illegal_logging,FSC22
1368,11_11153.wav,illegal_logging,FSC22
1369,11_11154.wav,illegal_logging,FSC22
1370,11_11155.wav,illegal_logging,FSC22
1371,11_11156.wav,illegal_logging,FSC22
1372,11_11157.wav,illegal_logging,FSC22
1373,11_11158.wav,illegal_logging,FSC22
1374,11_11159.wav,illegal_logging,FSC22
1375,11_11160.wav,illegal_logging,FSC22
1376,11_11161.wav,illegal_logging,FSC22
1377,11_11162.wav,illegal_logging,FSC22
1378,11_11163.wav,illegal_logging,FSC22
1379,11_11164.wav,illegal_logging,FSC22
1380,11_11165.wav,illegal_logging,FSC22
1381,11_11166.wav,illegal_logging,FSC22
1382,11_11167.wav,illegal_logging,FSC22
1383,11_11168.wav,illegal_logging,FSC22
1384,11_11169.wav,illegal_logging,FSC22
1385,11_11170.wav,illegal_logging,FSC22
1386,11_11171.wav,illegal_logging,FSC22
1387,11_11172.wav,illegal_logging,FSC22
1388,11_11173.wav,illegal_logging,FSC22
1389,11_11174.wav,illegal_logging,FSC22
1390,11_11175.wav,illegal_logging,FSC22
1466,13_11301.wav,illegal_logging,FSC22
1467,13_11302.wav,illegal_logging,FSC22
1468,13_11303.wav,illegal_logging,FSC22
1469,13_11304.wav,illegal_logging,FSC22
1470,13_11305.wav,illegal_logging,FSC22
1471,13_11306.wav,illegal_logging,FSC22
1472,13_11307.wav,illegal_logging,FSC22
1473,13_11308.wav,illegal_logging,FSC22
1474,13_11309.wav,illegal_logging,FSC22
1475,13_11310.wav,illegal_logging,FSC22
1476,13_11311.wav,illegal_logging,FSC22
1477,13_11312.wav,illegal_logging,FSC22
1478,13_11313.wav,illegal_logging,FSC22
1479,13_11314.wav,illegal_logging,FSC22
1480,13_11315.wav,illegal_logging,FSC22
1481,13_11316.wav,illegal_logging,FSC22
1482,13_11317.wav,illegal_logging,FSC22
1483,13_11318.wav,illegal_logging,FSC22
1484,13_11319.wav,illegal_logging,FSC22
1485,13_11320.wav,illegal_logging,FSC22
1486,13_11321.wav,illegal_logging,FSC22
1487,13_11322.wav,illegal_logging,FSC22
1488,13_11323.wav,illegal_logging,FSC22
1489,13_11324.wav,illegal_logging,FSC22
1490,13_11325.wav,illegal_logging,FSC22
1491,13_11326.wav,illegal_logging,FSC22
1492,13_11327.wav,illegal_logging,FSC22
1493,13_11328.wav,illegal_logging,FSC22
1494,13_11329.wav,illegal_logging,FSC22
1495,13_11330.wav,illegal_logging,FSC22
1496,13_11331.wav,illegal_logging,FSC22
1497,13_11332.wav,illegal_logging,FSC22
1498,13_11333.wav,illegal_logging,FSC22
1499,13_11334.wav,illegal_logging,FSC22
1500,13_11335.wav,illegal_logging,FSC22
1501,13_11336.wav,illegal_logging,FSC22
1502,13_11337.wav,illegal_logging,FSC22
1503,13_11338.wav,illegal_logging,FSC22
1504,13_11339.wav,illegal_logging,FSC22
1505,13_11340.wav,illegal_logging,FSC22
1506,13_11341.wav,illegal_logging,FSC22
1507,13_11342.wav,illegal_logging,FSC22
1508,13_11343.wav,illegal_logging,FSC22
1509,13_11344.wav,illegal_logging,FSC22
1510,13_11345.wav,illegal_logging,FSC22
1511,13_11346.wav,illegal_logging,FSC22
1512,13_11347.wav,illegal_logging,FSC22
1513,13_11348.wav,illegal_logging,FSC22
1514,13_11349.wav,illegal_logging,FSC22
1515,13_11350.wav,illegal_logging,FSC22
1516,13_11351.wav,illegal_logging,FSC22
1517,13_11352.wav,illegal_logging,FSC22
1518,13_11353.wav,illegal_logging,FSC22
1519,13_11354.wav,illegal_logging,FSC22
1520,13_11355.wav,illegal_logging,FSC22
1521,13_11356.wav,illegal_logging,FSC22
1522,13_11357.wav,illegal_logging,FSC22
1523,13_11358.wav,illegal_logging,FSC22
1524,13_11359.wav,illegal_logging,FSC22
1525,13_11360.wav,illegal_logging,FSC22
1526,13_11361.wav,illegal_logging,FSC22
1527,13_11362.wav,illegal_logging,FSC22
1528,13_11363.wav,illegal_logging,FSC22
1529,13_11364.wav,illegal_logging,FSC22
1530,13_11365.wav,illegal_logging,FSC22
1531,13_11366.wav,illegal_logging,FSC22
1532,13_11367.wav,illegal_logging,FSC22
1533,13_11368.wav,illegal_logging,FSC22
1534,13_11369.wav,illegal_logging,FSC22
1535,13_11370.wav,illegal_logging,FSC22
1536,13_11371.wav,illegal_logging,FSC22
1537,13_11372.wav,illegal_logging,FSC22
1538,13_11373.wav,illegal_logging,FSC22
1539,13_11374.wav,illegal_logging,FSC22
1540,13_11375.wav,illegal_logging,FSC22
1091,7_10701.wav,treefalling,FSC22
1092,7_10702.wav,treefalling,FSC22
1093,7_10703.wav,treefalling,FSC22
1094,7_10704.wav,treefalling,FSC22
1095,7_10705.wav,treefalling,FSC22
1096,7_10706.wav,treefalling,FSC22
1097,7_10707.wav,treefalling,FSC22
1098,7_10708.wav,treefalling,FSC22
1099,7_10709.wav,treefalling,FSC22
1100,7_10710.wav,treefalling,FSC22
1101,7_10711.wav,treefalling,FSC22
1102,7_10712.wav,treefalling,FSC22
1103,7_10713.wav,treefalling,FSC22
1104,7_10714.wav,treefalling,FSC22
1105,7_10715.wav,treefalling,FSC22
1106,7_10716.wav,treefalling,FSC22
1107,7_10717.wav,treefalling,FSC22
1108,7_10718.wav,treefalling,FSC22
1109,7_10719.wav,treefalling,FSC22
1110,7_10720.wav,treefalling,FSC22
1111,7_10721.wav,treefalling,FSC22
1112,7_10722.wav,treefalling,FSC22
1113,7_10723.wav,treefalling,FSC22
1114,7_10724.wav,treefalling,FSC22
1115,7_10725.wav,treefalling,FSC22
1116,7_10726.wav,treefalling,FSC22
1117,7_10727.wav,treefalling,FSC22
1118,7_10728.wav,treefalling,FSC22
1119,7_10729.wav,treefalling,FSC22
1120,7_10730.wav,treefalling,FSC22
1121,7_10731.wav,treefalling,FSC22
1122,7_10732.wav,treefalling,FSC22
1123,7_10733.wav,treefalling,FSC22
1124,7_10734.wav,treefalling,FSC22
1125,7_10735.wav,treefalling,FSC22
1126,7_10736.wav,treefalling,FSC22
1127,7_10737.wav,treefalling,FSC22
1128,7_10738.wav,treefalling,FSC22
1129,7_10739.wav,treefalling,FSC22
1130,7_10740.wav,treefalling,FSC22
1131,7_10741.wav,treefalling,FSC22
1132,7_10742.wav,treefalling,FSC22
1133,7_10743.wav,treefalling,FSC22
1134,7_10744.wav,treefalling,FSC22
1135,7_10745.wav,treefalling,FSC22
1136,7_10746.wav,treefalling,FSC22
1137,7_10747.wav,treefalling,FSC22
1138,7_10748.wav,treefalling,FSC22
1139,7_10749.wav,treefalling,FSC22
1140,7_10750.wav,treefalling,FSC22
1141,7_10751.wav,treefalling,FSC22
1142,7_10752.wav,treefalling,FSC22
1143,7_10753.wav,treefalling,FSC22
1144,7_10754.wav,treefalling,FSC22
1145,7_10755.wav,treefalling,FSC22
1146,7_10756.wav,treefalling,FSC22
1147,7_10757.wav,treefalling,FSC22
1148,7_10758.wav,treefalling,FSC22
1149,7_10759.wav,treefalling,FSC22
1150,7_10760.wav,treefalling,FSC22
1151,7_10761.wav,treefalling,FSC22
1152,7_10762.wav,treefalling,FSC22
1153,7_10763.wav,treefalling,FSC22
1154,7_10764.wav,treefalling,FSC22
1155,7_10765.wav,treefalling,FSC22
1156,7_10766.wav,treefalling,FSC22
1157,7_10767.wav,treefalling,FSC22
1158,7_10768.wav,treefalling,FSC22
1159,7_10769.wav,treefalling,FSC22
1160,7_10770.wav,treefalling,FSC22
1161,7_10771.wav,treefalling,FSC22
1162,7_10772.wav,treefalling,FSC22
1163,7_10773.wav,treefalling,FSC22
1164,7_10774.wav,treefalling,FSC22
1165,7_10775.wav,treefalling,FSC22
