ID,filename,label
1,birdchirping-1.wav,forest_ambience
2,birdchirping-10.wav,forest_ambience
3,birdchirping-100.wav,forest_ambience
4,birdchirping-101.wav,forest_ambience
5,birdchirping-102.wav,forest_ambience
6,birdchirping-103.wav,forest_ambience
7,birdchirping-104.wav,forest_ambience
8,birdchirping-105.wav,forest_ambience
9,birdchirping-106.wav,forest_ambience
10,birdchirping-107.wav,forest_ambience
11,birdchirping-108.wav,forest_ambience
12,birdchirping-109.wav,forest_ambience
13,birdchirping-11.wav,forest_ambience
14,birdchirping-110.wav,forest_ambience
15,birdchirping-111.wav,forest_ambience
16,birdchirping-112.wav,forest_ambience
17,birdchirping-113.wav,forest_ambience
18,birdchirping-114.wav,forest_ambience
19,birdchirping-115.wav,forest_ambience
20,birdchirping-12.wav,forest_ambience
21,birdchirping-13.wav,forest_ambience
22,birdchirping-14.wav,forest_ambience
23,birdchirping-15.wav,forest_ambience
24,birdchirping-16.wav,forest_ambience
25,birdchirping-17.wav,forest_ambience
26,birdchirping-18.wav,forest_ambience
27,birdchirping-19.wav,forest_ambience
28,birdchirping-2.wav,forest_ambience
29,birdchirping-20.wav,forest_ambience
30,birdchirping-21.wav,forest_ambience
31,birdchirping-22.wav,forest_ambience
32,birdchirping-23.wav,forest_ambience
33,birdchirping-24.wav,forest_ambience
34,birdchirping-25.wav,forest_ambience
35,birdchirping-26.wav,forest_ambience
36,birdchirping-27.wav,forest_ambience
37,birdchirping-28.wav,forest_ambience
38,birdchirping-29.wav,forest_ambience
39,birdchirping-3.wav,forest_ambience
40,birdchirping-30.wav,forest_ambience
41,birdchirping-31.wav,forest_ambience
42,birdchirping-32.wav,forest_ambience
43,birdchirping-33.wav,forest_ambience
44,birdchirping-34.wav,forest_ambience
45,birdchirping-35.wav,forest_ambience
46,birdchirping-36.wav,forest_ambience
47,birdchirping-37.wav,forest_ambience
48,birdchirping-38.wav,forest_ambience
49,birdchirping-39.wav,forest_ambience
50,birdchirping-4.wav,forest_ambience
51,birdchirping-40.wav,forest_ambience
52,birdchirping-41.wav,forest_ambience
53,birdchirping-42.wav,forest_ambience
54,birdchirping-43.wav,forest_ambience
55,birdchirping-44.wav,forest_ambience
56,birdchirping-45.wav,forest_ambience
57,birdchirping-46.wav,forest_ambience
58,birdchirping-47.wav,forest_ambience
59,birdchirping-48.wav,forest_ambience
60,birdchirping-49.wav,forest_ambience
61,birdchirping-5.wav,forest_ambience
62,birdchirping-50.wav,forest_ambience
63,birdchirping-51.wav,forest_ambience
64,birdchirping-52.wav,forest_ambience
65,birdchirping-53.wav,forest_ambience
66,birdchirping-54.wav,forest_ambience
67,birdchirping-55.wav,forest_ambience
68,birdchirping-56.wav,forest_ambience
69,birdchirping-57.wav,forest_ambience
70,birdchirping-58.wav,forest_ambience
71,birdchirping-59.wav,forest_ambience
72,birdchirping-6.wav,forest_ambience
73,birdchirping-60.wav,forest_ambience
74,birdchirping-61.wav,forest_ambience
75,birdchirping-62.wav,forest_ambience
76,birdchirping-63.wav,forest_ambience
77,birdchirping-64.wav,forest_ambience
78,birdchirping-65.wav,forest_ambience
79,birdchirping-66.wav,forest_ambience
80,birdchirping-67.wav,forest_ambience
81,birdchirping-68.wav,forest_ambience
82,birdchirping-69.wav,forest_ambience
83,birdchirping-7.wav,forest_ambience
84,birdchirping-70.wav,forest_ambience
85,birdchirping-71.wav,forest_ambience
86,birdchirping-72.wav,forest_ambience
87,birdchirping-73.wav,forest_ambience
88,birdchirping-74.wav,forest_ambience
89,birdchirping-75.wav,forest_ambience
90,birdchirping-76.wav,forest_ambience
91,birdchirping-77.wav,forest_ambience
92,birdchirping-78.wav,forest_ambience
93,birdchirping-79.wav,forest_ambience
94,birdchirping-8.wav,forest_ambience
95,birdchirping-80.wav,forest_ambience
96,birdchirping-81.wav,forest_ambience
97,birdchirping-82.wav,forest_ambience
98,birdchirping-83.wav,forest_ambience
99,birdchirping-84.wav,forest_ambience
100,birdchirping-85.wav,forest_ambience
101,birdchirping-86.wav,forest_ambience
102,birdchirping-87.wav,forest_ambience
103,birdchirping-88.wav,forest_ambience
104,birdchirping-89.wav,forest_ambience
105,birdchirping-9.wav,forest_ambience
106,birdchirping-90.wav,forest_ambience
107,birdchirping-91.wav,forest_ambience
108,birdchirping-92.wav,forest_ambience
109,birdchirping-93.wav,forest_ambience
110,birdchirping-94.wav,forest_ambience
111,birdchirping-95.wav,forest_ambience
112,birdchirping-96.wav,forest_ambience
113,birdchirping-97.wav,forest_ambience
114,birdchirping-98.wav,forest_ambience
115,birdchirping-99.wav,forest_ambience
116,crickets-1.wav,forest_ambience
117,crickets-10.wav,forest_ambience
118,crickets-11.wav,forest_ambience
119,crickets-12.wav,forest_ambience
120,crickets-13.wav,forest_ambience
121,crickets-14.wav,forest_ambience
122,crickets-15.wav,forest_ambience
123,crickets-16.wav,forest_ambience
124,crickets-17.wav,forest_ambience
125,crickets-18.wav,forest_ambience
126,crickets-19.wav,forest_ambience
127,crickets-2.wav,forest_ambience
128,crickets-20.wav,forest_ambience
129,crickets-21.wav,forest_ambience
130,crickets-22.wav,forest_ambience
131,crickets-23.wav,forest_ambience
132,crickets-24.wav,forest_ambience
133,crickets-25.wav,forest_ambience
134,crickets-26.wav,forest_ambience
135,crickets-27.wav,forest_ambience
136,crickets-28.wav,forest_ambience
137,crickets-29.wav,forest_ambience
138,crickets-3.wav,forest_ambience
139,crickets-30.wav,forest_ambience
140,crickets-31.wav,forest_ambience
141,crickets-32.wav,forest_ambience
142,crickets-33.wav,forest_ambience
143,crickets-34.wav,forest_ambience
144,crickets-35.wav,forest_ambience
145,crickets-36.wav,forest_ambience
146,crickets-37.wav,forest_ambience
147,crickets-38.wav,forest_ambience
148,crickets-39.wav,forest_ambience
149,crickets-4.wav,forest_ambience
150,crickets-40.wav,forest_ambience
151,crickets-5.wav,forest_ambience
152,crickets-6.wav,forest_ambience
153,crickets-7.wav,forest_ambience
154,crickets-8.wav,forest_ambience
155,crickets-9.wav,forest_ambience
156,fire-1.wav,forest_ambience
157,fire-10.wav,forest_ambience
158,fire-100.wav,forest_ambience
159,fire-101.wav,forest_ambience
160,fire-102.wav,forest_ambience
161,fire-103.wav,forest_ambience
162,fire-104.wav,forest_ambience
163,fire-105.wav,forest_ambience
164,fire-106.wav,forest_ambience
165,fire-107.wav,forest_ambience
166,fire-108.wav,forest_ambience
167,fire-109.wav,forest_ambience
168,fire-11.wav,forest_ambience
169,fire-110.wav,forest_ambience
170,fire-111.wav,forest_ambience
171,fire-112.wav,forest_ambience
172,fire-113.wav,forest_ambience
173,fire-114.wav,forest_ambience
174,fire-115.wav,forest_ambience
175,fire-12.wav,forest_ambience
176,fire-13.wav,forest_ambience
177,fire-14.wav,forest_ambience
178,fire-15.wav,forest_ambience
179,fire-16.wav,forest_ambience
180,fire-17.wav,forest_ambience
181,fire-18.wav,forest_ambience
182,fire-19.wav,forest_ambience
183,fire-2.wav,forest_ambience
184,fire-20.wav,forest_ambience
185,fire-21.wav,forest_ambience
186,fire-22.wav,forest_ambience
187,fire-23.wav,forest_ambience
188,fire-24.wav,forest_ambience
189,fire-25.wav,forest_ambience
190,fire-26.wav,forest_ambience
191,fire-27.wav,forest_ambience
192,fire-28.wav,forest_ambience
193,fire-29.wav,forest_ambience
194,fire-3.wav,forest_ambience
195,fire-30.wav,forest_ambience
196,fire-31.wav,forest_ambience
197,fire-32.wav,forest_ambience
198,fire-33.wav,forest_ambience
199,fire-34.wav,forest_ambience
200,fire-35.wav,forest_ambience
201,fire-36.wav,forest_ambience
202,fire-37.wav,forest_ambience
203,fire-38.wav,forest_ambience
204,fire-39.wav,forest_ambience
205,fire-4.wav,forest_ambience
206,fire-40.wav,forest_ambience
207,fire-41.wav,forest_ambience
208,fire-42.wav,forest_ambience
209,fire-43.wav,forest_ambience
210,fire-44.wav,forest_ambience
211,fire-45.wav,forest_ambience
212,fire-46.wav,forest_ambience
213,fire-47.wav,forest_ambience
214,fire-48.wav,forest_ambience
215,fire-49.wav,forest_ambience
216,fire-5.wav,forest_ambience
217,fire-50.wav,forest_ambience
218,fire-51.wav,forest_ambience
219,fire-52.wav,forest_ambience
220,fire-53.wav,forest_ambience
221,fire-54.wav,forest_ambience
222,fire-55.wav,forest_ambience
223,fire-56.wav,forest_ambience
224,fire-57.wav,forest_ambience
225,fire-58.wav,forest_ambience
226,fire-59.wav,forest_ambience
227,fire-6.wav,forest_ambience
228,fire-60.wav,forest_ambience
229,fire-61.wav,forest_ambience
230,fire-62.wav,forest_ambience
231,fire-63.wav,forest_ambience
232,fire-64.wav,forest_ambience
233,fire-65.wav,forest_ambience
234,fire-66.wav,forest_ambience
235,fire-67.wav,forest_ambience
236,fire-68.wav,forest_ambience
237,fire-69.wav,forest_ambience
238,fire-7.wav,forest_ambience
239,fire-70.wav,forest_ambience
240,fire-71.wav,forest_ambience
241,fire-72.wav,forest_ambience
242,fire-73.wav,forest_ambience
243,fire-74.wav,forest_ambience
244,fire-75.wav,forest_ambience
245,fire-76.wav,forest_ambience
246,fire-77.wav,forest_ambience
247,fire-78.wav,forest_ambience
248,fire-79.wav,forest_ambience
249,fire-8.wav,forest_ambience
250,fire-80.wav,forest_ambience
251,fire-81.wav,forest_ambience
252,fire-82.wav,forest_ambience
253,fire-83.wav,forest_ambience
254,fire-84.wav,forest_ambience
255,fire-85.wav,forest_ambience
256,fire-86.wav,forest_ambience
257,fire-87.wav,forest_ambience
258,fire-88.wav,forest_ambience
259,fire-89.wav,forest_ambience
260,fire-9.wav,forest_ambience
261,fire-90.wav,forest_ambience
262,fire-91.wav,forest_ambience
263,fire-92.wav,forest_ambience
264,fire-93.wav,forest_ambience
265,fire-94.wav,forest_ambience
266,fire-95.wav,forest_ambience
267,fire-96.wav,forest_ambience
268,fire-97.wav,forest_ambience
269,fire-98.wav,forest_ambience
270,fire-99.wav,forest_ambience
271,insect-1.wav,forest_ambience
272,insect-10.wav,forest_ambience
273,insect-100.wav,forest_ambience
274,insect-101.wav,forest_ambience
275,insect-102.wav,forest_ambience
276,insect-103.wav,forest_ambience
277,insect-104.wav,forest_ambience
278,insect-105.wav,forest_ambience
279,insect-106.wav,forest_ambience
280,insect-107.wav,forest_ambience
281,insect-108.wav,forest_ambience
282,insect-109.wav,forest_ambience
283,insect-11.wav,forest_ambience
284,insect-110.wav,forest_ambience
285,insect-111.wav,forest_ambience
286,insect-112.wav,forest_ambience
287,insect-113.wav,forest_ambience
288,insect-114.wav,forest_ambience
289,insect-115.wav,forest_ambience
290,insect-12.wav,forest_ambience
291,insect-13.wav,forest_ambience
292,insect-14.wav,forest_ambience
293,insect-15.wav,forest_ambience
294,insect-16.wav,forest_ambience
295,insect-17.wav,forest_ambience
296,insect-18.wav,forest_ambience
297,insect-19.wav,forest_ambience
298,insect-2.wav,forest_ambience
299,insect-20.wav,forest_ambience
300,insect-21.wav,forest_ambience
301,insect-22.wav,forest_ambience
302,insect-23.wav,forest_ambience
303,insect-24.wav,forest_ambience
304,insect-25.wav,forest_ambience
305,insect-26.wav,forest_ambience
306,insect-27.wav,forest_ambience
307,insect-28.wav,forest_ambience
308,insect-29.wav,forest_ambience
309,insect-3.wav,forest_ambience
310,insect-30.wav,forest_ambience
311,insect-31.wav,forest_ambience
312,insect-32.wav,forest_ambience
313,insect-33.wav,forest_ambience
314,insect-34.wav,forest_ambience
315,insect-35.wav,forest_ambience
316,insect-36.wav,forest_ambience
317,insect-37.wav,forest_ambience
318,insect-38.wav,forest_ambience
319,insect-39.wav,forest_ambience
320,insect-4.wav,forest_ambience
321,insect-40.wav,forest_ambience
322,insect-41.wav,forest_ambience
323,insect-42.wav,forest_ambience
324,insect-43.wav,forest_ambience
325,insect-44.wav,forest_ambience
326,insect-45.wav,forest_ambience
327,insect-46.wav,forest_ambience
328,insect-47.wav,forest_ambience
329,insect-48.wav,forest_ambience
330,insect-49.wav,forest_ambience
331,insect-5.wav,forest_ambience
332,insect-50.wav,forest_ambience
333,insect-51.wav,forest_ambience
334,insect-52.wav,forest_ambience
335,insect-53.wav,forest_ambience
336,insect-54.wav,forest_ambience
337,insect-55.wav,forest_ambience
338,insect-56.wav,forest_ambience
339,insect-57.wav,forest_ambience
340,insect-58.wav,forest_ambience
341,insect-59.wav,forest_ambience
342,insect-6.wav,forest_ambience
343,insect-60.wav,forest_ambience
344,insect-61.wav,forest_ambience
345,insect-62.wav,forest_ambience
346,insect-63.wav,forest_ambience
347,insect-64.wav,forest_ambience
348,insect-65.wav,forest_ambience
349,insect-66.wav,forest_ambience
350,insect-67.wav,forest_ambience
351,insect-68.wav,forest_ambience
352,insect-69.wav,forest_ambience
353,insect-7.wav,forest_ambience
354,insect-70.wav,forest_ambience
355,insect-71.wav,forest_ambience
356,insect-72.wav,forest_ambience
357,insect-73.wav,forest_ambience
358,insect-74.wav,forest_ambience
359,insect-75.wav,forest_ambience
360,insect-76.wav,forest_ambience
361,insect-77.wav,forest_ambience
362,insect-78.wav,forest_ambience
363,insect-79.wav,forest_ambience
364,insect-8.wav,forest_ambience
365,insect-80.wav,forest_ambience
366,insect-81.wav,forest_ambience
367,insect-82.wav,forest_ambience
368,insect-83.wav,forest_ambience
369,insect-84.wav,forest_ambience
370,insect-85.wav,forest_ambience
371,insect-86.wav,forest_ambience
372,insect-87.wav,forest_ambience
373,insect-88.wav,forest_ambience
374,insect-89.wav,forest_ambience
375,insect-9.wav,forest_ambience
376,insect-90.wav,forest_ambience
377,insect-91.wav,forest_ambience
378,insect-92.wav,forest_ambience
379,insect-93.wav,forest_ambience
380,insect-94.wav,forest_ambience
381,insect-95.wav,forest_ambience
382,insect-96.wav,forest_ambience
383,insect-97.wav,forest_ambience
384,insect-98.wav,forest_ambience
385,insect-99.wav,forest_ambience
386,rain-1.wav,forest_ambience
387,rain-10.wav,forest_ambience
388,rain-100.wav,forest_ambience
389,rain-101.wav,forest_ambience
390,rain-102.wav,forest_ambience
391,rain-103.wav,forest_ambience
392,rain-104.wav,forest_ambience
393,rain-105.wav,forest_ambience
394,rain-106.wav,forest_ambience
395,rain-107.wav,forest_ambience
396,rain-108.wav,forest_ambience
397,rain-109.wav,forest_ambience
398,rain-11.wav,forest_ambience
399,rain-110.wav,forest_ambience
400,rain-111.wav,forest_ambience
401,rain-112.wav,forest_ambience
402,rain-113.wav,forest_ambience
403,rain-114.wav,forest_ambience
404,rain-115.wav,forest_ambience
405,rain-12.wav,forest_ambience
406,rain-13.wav,forest_ambience
407,rain-14.wav,forest_ambience
408,rain-15.wav,forest_ambience
409,rain-16.wav,forest_ambience
410,rain-17.wav,forest_ambience
411,rain-18.wav,forest_ambience
412,rain-19.wav,forest_ambience
413,rain-2.wav,forest_ambience
414,rain-20.wav,forest_ambience
415,rain-21.wav,forest_ambience
416,rain-22.wav,forest_ambience
417,rain-23.wav,forest_ambience
418,rain-24.wav,forest_ambience
419,rain-25.wav,forest_ambience
420,rain-26.wav,forest_ambience
421,rain-27.wav,forest_ambience
422,rain-28.wav,forest_ambience
423,rain-29.wav,forest_ambience
424,rain-3.wav,forest_ambience
425,rain-30.wav,forest_ambience
426,rain-31.wav,forest_ambience
427,rain-32.wav,forest_ambience
428,rain-33.wav,forest_ambience
429,rain-34.wav,forest_ambience
430,rain-35.wav,forest_ambience
431,rain-36.wav,forest_ambience
432,rain-37.wav,forest_ambience
433,rain-38.wav,forest_ambience
434,rain-39.wav,forest_ambience
435,rain-4.wav,forest_ambience
436,rain-40.wav,forest_ambience
437,rain-41.wav,forest_ambience
438,rain-42.wav,forest_ambience
439,rain-43.wav,forest_ambience
440,rain-44.wav,forest_ambience
441,rain-45.wav,forest_ambience
442,rain-46.wav,forest_ambience
443,rain-47.wav,forest_ambience
444,rain-48.wav,forest_ambience
445,rain-49.wav,forest_ambience
446,rain-5.wav,forest_ambience
447,rain-50.wav,forest_ambience
448,rain-51.wav,forest_ambience
449,rain-52.wav,forest_ambience
450,rain-53.wav,forest_ambience
451,rain-54.wav,forest_ambience
452,rain-55.wav,forest_ambience
453,rain-56.wav,forest_ambience
454,rain-57.wav,forest_ambience
455,rain-58.wav,forest_ambience
456,rain-59.wav,forest_ambience
457,rain-6.wav,forest_ambience
458,rain-60.wav,forest_ambience
459,rain-61.wav,forest_ambience
460,rain-62.wav,forest_ambience
461,rain-63.wav,forest_ambience
462,rain-64.wav,forest_ambience
463,rain-65.wav,forest_ambience
464,rain-66.wav,forest_ambience
465,rain-67.wav,forest_ambience
466,rain-68.wav,forest_ambience
467,rain-69.wav,forest_ambience
468,rain-7.wav,forest_ambience
469,rain-70.wav,forest_ambience
470,rain-71.wav,forest_ambience
471,rain-72.wav,forest_ambience
472,rain-73.wav,forest_ambience
473,rain-74.wav,forest_ambience
474,rain-75.wav,forest_ambience
475,rain-76.wav,forest_ambience
476,rain-77.wav,forest_ambience
477,rain-78.wav,forest_ambience
478,rain-79.wav,forest_ambience
479,rain-8.wav,forest_ambience
480,rain-80.wav,forest_ambience
481,rain-81.wav,forest_ambience
482,rain-82.wav,forest_ambience
483,rain-83.wav,forest_ambience
484,rain-84.wav,forest_ambience
485,rain-85.wav,forest_ambience
486,rain-86.wav,forest_ambience
487,rain-87.wav,forest_ambience
488,rain-88.wav,forest_ambience
489,rain-89.wav,forest_ambience
490,rain-9.wav,forest_ambience
491,rain-90.wav,forest_ambience
492,rain-91.wav,forest_ambience
493,rain-92.wav,forest_ambience
494,rain-93.wav,forest_ambience
495,rain-94.wav,forest_ambience
496,rain-95.wav,forest_ambience
497,rain-96.wav,forest_ambience
498,rain-97.wav,forest_ambience
499,rain-98.wav,forest_ambience
500,rain-99.wav,forest_ambience
501,thunderstorm-1.wav,forest_ambience
502,thunderstorm-10.wav,forest_ambience
503,thunderstorm-100.wav,forest_ambience
504,thunderstorm-101.wav,forest_ambience
505,thunderstorm-102.wav,forest_ambience
506,thunderstorm-103.wav,forest_ambience
507,thunderstorm-104.wav,forest_ambience
508,thunderstorm-105.wav,forest_ambience
509,thunderstorm-106.wav,forest_ambience
510,thunderstorm-107.wav,forest_ambience
511,thunderstorm-108.wav,forest_ambience
512,thunderstorm-109.wav,forest_ambience
513,thunderstorm-11.wav,forest_ambience
514,thunderstorm-110.wav,forest_ambience
515,thunderstorm-111.wav,forest_ambience
516,thunderstorm-112.wav,forest_ambience
517,thunderstorm-113.wav,forest_ambience
518,thunderstorm-114.wav,forest_ambience
519,thunderstorm-115.wav,forest_ambience
520,thunderstorm-12.wav,forest_ambience
521,thunderstorm-13.wav,forest_ambience
522,thunderstorm-14.wav,forest_ambience
523,thunderstorm-15.wav,forest_ambience
524,thunderstorm-16.wav,forest_ambience
525,thunderstorm-17.wav,forest_ambience
526,thunderstorm-18.wav,forest_ambience
527,thunderstorm-19.wav,forest_ambience
528,thunderstorm-2.wav,forest_ambience
529,thunderstorm-20.wav,forest_ambience
530,thunderstorm-21.wav,forest_ambience
531,thunderstorm-22.wav,forest_ambience
532,thunderstorm-23.wav,forest_ambience
533,thunderstorm-24.wav,forest_ambience
534,thunderstorm-25.wav,forest_ambience
535,thunderstorm-26.wav,forest_ambience
536,thunderstorm-27.wav,forest_ambience
537,thunderstorm-28.wav,forest_ambience
538,thunderstorm-29.wav,forest_ambience
539,thunderstorm-3.wav,forest_ambience
540,thunderstorm-30.wav,forest_ambience
541,thunderstorm-31.wav,forest_ambience
542,thunderstorm-32.wav,forest_ambience
543,thunderstorm-33.wav,forest_ambience
544,thunderstorm-34.wav,forest_ambience
545,thunderstorm-35.wav,forest_ambience
546,thunderstorm-36.wav,forest_ambience
547,thunderstorm-37.wav,forest_ambience
548,thunderstorm-38.wav,forest_ambience
549,thunderstorm-39.wav,forest_ambience
550,thunderstorm-4.wav,forest_ambience
551,thunderstorm-40.wav,forest_ambience
552,thunderstorm-41.wav,forest_ambience
553,thunderstorm-42.wav,forest_ambience
554,thunderstorm-43.wav,forest_ambience
555,thunderstorm-44.wav,forest_ambience
556,thunderstorm-45.wav,forest_ambience
557,thunderstorm-46.wav,forest_ambience
558,thunderstorm-47.wav,forest_ambience
559,thunderstorm-48.wav,forest_ambience
560,thunderstorm-49.wav,forest_ambience
561,thunderstorm-5.wav,forest_ambience
562,thunderstorm-50.wav,forest_ambience
563,thunderstorm-51.wav,forest_ambience
564,thunderstorm-52.wav,forest_ambience
565,thunderstorm-53.wav,forest_ambience
566,thunderstorm-54.wav,forest_ambience
567,thunderstorm-55.wav,forest_ambience
568,thunderstorm-56.wav,forest_ambience
569,thunderstorm-57.wav,forest_ambience
570,thunderstorm-58.wav,forest_ambience
571,thunderstorm-59.wav,forest_ambience
572,thunderstorm-6.wav,forest_ambience
573,thunderstorm-60.wav,forest_ambience
574,thunderstorm-61.wav,forest_ambience
575,thunderstorm-62.wav,forest_ambience
576,thunderstorm-63.wav,forest_ambience
577,thunderstorm-64.wav,forest_ambience
578,thunderstorm-65.wav,forest_ambience
579,thunderstorm-66.wav,forest_ambience
580,thunderstorm-67.wav,forest_ambience
581,thunderstorm-68.wav,forest_ambience
582,thunderstorm-69.wav,forest_ambience
583,thunderstorm-7.wav,forest_ambience
584,thunderstorm-70.wav,forest_ambience
585,thunderstorm-71.wav,forest_ambience
586,thunderstorm-72.wav,forest_ambience
587,thunderstorm-73.wav,forest_ambience
588,thunderstorm-74.wav,forest_ambience
589,thunderstorm-75.wav,forest_ambience
590,thunderstorm-76.wav,forest_ambience
591,thunderstorm-77.wav,forest_ambience
592,thunderstorm-78.wav,forest_ambience
593,thunderstorm-79.wav,forest_ambience
594,thunderstorm-8.wav,forest_ambience
595,thunderstorm-80.wav,forest_ambience
596,thunderstorm-81.wav,forest_ambience
597,thunderstorm-82.wav,forest_ambience
598,thunderstorm-83.wav,forest_ambience
599,thunderstorm-84.wav,forest_ambience
600,thunderstorm-85.wav,forest_ambience
601,thunderstorm-86.wav,forest_ambience
602,thunderstorm-87.wav,forest_ambience
603,thunderstorm-88.wav,forest_ambience
604,thunderstorm-89.wav,forest_ambience
605,thunderstorm-9.wav,forest_ambience
606,thunderstorm-90.wav,forest_ambience
607,thunderstorm-91.wav,forest_ambience
608,thunderstorm-92.wav,forest_ambience
609,thunderstorm-93.wav,forest_ambience
610,thunderstorm-94.wav,forest_ambience
611,thunderstorm-95.wav,forest_ambience
612,thunderstorm-96.wav,forest_ambience
613,thunderstorm-97.wav,forest_ambience
614,thunderstorm-98.wav,forest_ambience
615,thunderstorm-99.wav,forest_ambience
616,waterdrops-1.wav,forest_ambience
617,waterdrops-10.wav,forest_ambience
618,waterdrops-100.wav,forest_ambience
619,waterdrops-101.wav,forest_ambience
620,waterdrops-102.wav,forest_ambience
621,waterdrops-103.wav,forest_ambience
622,waterdrops-104.wav,forest_ambience
623,waterdrops-105.wav,forest_ambience
624,waterdrops-106.wav,forest_ambience
625,waterdrops-107.wav,forest_ambience
626,waterdrops-108.wav,forest_ambience
627,waterdrops-109.wav,forest_ambience
628,waterdrops-11.wav,forest_ambience
629,waterdrops-110.wav,forest_ambience
630,waterdrops-111.wav,forest_ambience
631,waterdrops-112.wav,forest_ambience
632,waterdrops-113.wav,forest_ambience
633,waterdrops-114.wav,forest_ambience
634,waterdrops-115.wav,forest_ambience
635,waterdrops-12.wav,forest_ambience
636,waterdrops-13.wav,forest_ambience
637,waterdrops-14.wav,forest_ambience
638,waterdrops-15.wav,forest_ambience
639,waterdrops-16.wav,forest_ambience
640,waterdrops-17.wav,forest_ambience
641,waterdrops-18.wav,forest_ambience
642,waterdrops-19.wav,forest_ambience
643,waterdrops-2.wav,forest_ambience
644,waterdrops-20.wav,forest_ambience
645,waterdrops-21.wav,forest_ambience
646,waterdrops-22.wav,forest_ambience
647,waterdrops-23.wav,forest_ambience
648,waterdrops-24.wav,forest_ambience
649,waterdrops-25.wav,forest_ambience
650,waterdrops-26.wav,forest_ambience
651,waterdrops-27.wav,forest_ambience
652,waterdrops-28.wav,forest_ambience
653,waterdrops-29.wav,forest_ambience
654,waterdrops-3.wav,forest_ambience
655,waterdrops-30.wav,forest_ambience
656,waterdrops-31.wav,forest_ambience
657,waterdrops-32.wav,forest_ambience
658,waterdrops-33.wav,forest_ambience
659,waterdrops-34.wav,forest_ambience
660,waterdrops-35.wav,forest_ambience
661,waterdrops-36.wav,forest_ambience
662,waterdrops-37.wav,forest_ambience
663,waterdrops-38.wav,forest_ambience
664,waterdrops-39.wav,forest_ambience
665,waterdrops-4.wav,forest_ambience
666,waterdrops-40.wav,forest_ambience
667,waterdrops-41.wav,forest_ambience
668,waterdrops-42.wav,forest_ambience
669,waterdrops-43.wav,forest_ambience
670,waterdrops-44.wav,forest_ambience
671,waterdrops-45.wav,forest_ambience
672,waterdrops-46.wav,forest_ambience
673,waterdrops-47.wav,forest_ambience
674,waterdrops-48.wav,forest_ambience
675,waterdrops-49.wav,forest_ambience
676,waterdrops-5.wav,forest_ambience
677,waterdrops-50.wav,forest_ambience
678,waterdrops-51.wav,forest_ambience
679,waterdrops-52.wav,forest_ambience
680,waterdrops-53.wav,forest_ambience
681,waterdrops-54.wav,forest_ambience
682,waterdrops-55.wav,forest_ambience
683,waterdrops-56.wav,forest_ambience
684,waterdrops-57.wav,forest_ambience
685,waterdrops-58.wav,forest_ambience
686,waterdrops-59.wav,forest_ambience
687,waterdrops-6.wav,forest_ambience
688,waterdrops-60.wav,forest_ambience
689,waterdrops-61.wav,forest_ambience
690,waterdrops-62.wav,forest_ambience
691,waterdrops-63.wav,forest_ambience
692,waterdrops-64.wav,forest_ambience
693,waterdrops-65.wav,forest_ambience
694,waterdrops-66.wav,forest_ambience
695,waterdrops-67.wav,forest_ambience
696,waterdrops-68.wav,forest_ambience
697,waterdrops-69.wav,forest_ambience
698,waterdrops-7.wav,forest_ambience
699,waterdrops-70.wav,forest_ambience
700,waterdrops-71.wav,forest_ambience
701,waterdrops-72.wav,forest_ambience
702,waterdrops-73.wav,forest_ambience
703,waterdrops-74.wav,forest_ambience
704,waterdrops-75.wav,forest_ambience
705,waterdrops-76.wav,forest_ambience
706,waterdrops-77.wav,forest_ambience
707,waterdrops-78.wav,forest_ambience
708,waterdrops-79.wav,forest_ambience
709,waterdrops-8.wav,forest_ambience
710,waterdrops-80.wav,forest_ambience
711,waterdrops-81.wav,forest_ambience
712,waterdrops-82.wav,forest_ambience
713,waterdrops-83.wav,forest_ambience
714,waterdrops-84.wav,forest_ambience
715,waterdrops-85.wav,forest_ambience
716,waterdrops-86.wav,forest_ambience
717,waterdrops-87.wav,forest_ambience
718,waterdrops-88.wav,forest_ambience
719,waterdrops-89.wav,forest_ambience
720,waterdrops-9.wav,forest_ambience
721,waterdrops-90.wav,forest_ambience
722,waterdrops-91.wav,forest_ambience
723,waterdrops-92.wav,forest_ambience
724,waterdrops-93.wav,forest_ambience
725,waterdrops-94.wav,forest_ambience
726,waterdrops-95.wav,forest_ambience
727,waterdrops-96.wav,forest_ambience
728,waterdrops-97.wav,forest_ambience
729,waterdrops-98.wav,forest_ambience
730,waterdrops-99.wav,forest_ambience
731,wind-1.wav,forest_ambience
732,wind-10.wav,forest_ambience
733,wind-100.wav,forest_ambience
734,wind-101.wav,forest_ambience
735,wind-102.wav,forest_ambience
736,wind-103.wav,forest_ambience
737,wind-104.wav,forest_ambience
738,wind-105.wav,forest_ambience
739,wind-106.wav,forest_ambience
740,wind-107.wav,forest_ambience
741,wind-108.wav,forest_ambience
742,wind-109.wav,forest_ambience
743,wind-11.wav,forest_ambience
744,wind-110.wav,forest_ambience
745,wind-111.wav,forest_ambience
746,wind-112.wav,forest_ambience
747,wind-113.wav,forest_ambience
748,wind-114.wav,forest_ambience
749,wind-115.wav,forest_ambience
750,wind-12.wav,forest_ambience
751,wind-13.wav,forest_ambience
752,wind-14.wav,forest_ambience
753,wind-15.wav,forest_ambience
754,wind-16.wav,forest_ambience
755,wind-17.wav,forest_ambience
756,wind-18.wav,forest_ambience
757,wind-19.wav,forest_ambience
758,wind-2.wav,forest_ambience
759,wind-20.wav,forest_ambience
760,wind-21.wav,forest_ambience
761,wind-22.wav,forest_ambience
762,wind-23.wav,forest_ambience
763,wind-24.wav,forest_ambience
764,wind-25.wav,forest_ambience
765,wind-26.wav,forest_ambience
766,wind-27.wav,forest_ambience
767,wind-28.wav,forest_ambience
768,wind-29.wav,forest_ambience
769,wind-3.wav,forest_ambience
770,wind-30.wav,forest_ambience
771,wind-31.wav,forest_ambience
772,wind-32.wav,forest_ambience
773,wind-33.wav,forest_ambience
774,wind-34.wav,forest_ambience
775,wind-35.wav,forest_ambience
776,wind-36.wav,forest_ambience
777,wind-37.wav,forest_ambience
778,wind-38.wav,forest_ambience
779,wind-39.wav,forest_ambience
780,wind-4.wav,forest_ambience
781,wind-40.wav,forest_ambience
782,wind-41.wav,forest_ambience
783,wind-42.wav,forest_ambience
784,wind-43.wav,forest_ambience
785,wind-44.wav,forest_ambience
786,wind-45.wav,forest_ambience
787,wind-46.wav,forest_ambience
788,wind-47.wav,forest_ambience
789,wind-48.wav,forest_ambience
790,wind-49.wav,forest_ambience
791,wind-5.wav,forest_ambience
792,wind-50.wav,forest_ambience
793,wind-51.wav,forest_ambience
794,wind-52.wav,forest_ambience
795,wind-53.wav,forest_ambience
796,wind-54.wav,forest_ambience
797,wind-55.wav,forest_ambience
798,wind-56.wav,forest_ambience
799,wind-57.wav,forest_ambience
800,wind-58.wav,forest_ambience
801,wind-59.wav,forest_ambience
802,wind-6.wav,forest_ambience
803,wind-60.wav,forest_ambience
804,wind-61.wav,forest_ambience
805,wind-62.wav,forest_ambience
806,wind-63.wav,forest_ambience
807,wind-64.wav,forest_ambience
808,wind-65.wav,forest_ambience
809,wind-66.wav,forest_ambience
810,wind-67.wav,forest_ambience
811,wind-68.wav,forest_ambience
812,wind-69.wav,forest_ambience
813,wind-7.wav,forest_ambience
814,wind-70.wav,forest_ambience
815,wind-71.wav,forest_ambience
816,wind-72.wav,forest_ambience
817,wind-73.wav,forest_ambience
818,wind-74.wav,forest_ambience
819,wind-75.wav,forest_ambience
820,wind-76.wav,forest_ambience
821,wind-77.wav,forest_ambience
822,wind-78.wav,forest_ambience
823,wind-79.wav,forest_ambience
824,wind-8.wav,forest_ambience
825,wind-80.wav,forest_ambience
826,wind-81.wav,forest_ambience
827,wind-82.wav,forest_ambience
828,wind-83.wav,forest_ambience
829,wind-84.wav,forest_ambience
830,wind-85.wav,forest_ambience
831,wind-86.wav,forest_ambience
832,wind-87.wav,forest_ambience
833,wind-88.wav,forest_ambience
834,wind-89.wav,forest_ambience
835,wind-9.wav,forest_ambience
836,wind-90.wav,forest_ambience
837,wind-91.wav,forest_ambience
838,wind-92.wav,forest_ambience
839,wind-93.wav,forest_ambience
840,wind-94.wav,forest_ambience
841,wind-95.wav,forest_ambience
842,wind-96.wav,forest_ambience
843,wind-97.wav,forest_ambience
844,wind-98.wav,forest_ambience
845,wind-99.wav,forest_ambience
846,engine-1.wav,human_activity_noise
847,engine-10.wav,human_activity_noise
848,engine-11.wav,human_activity_noise
849,engine-12.wav,human_activity_noise
850,engine-13.wav,human_activity_noise
851,engine-14.wav,human_activity_noise
852,engine-15.wav,human_activity_noise
853,engine-16.wav,human_activity_noise
854,engine-17.wav,human_activity_noise
855,engine-18.wav,human_activity_noise
856,engine-19.wav,human_activity_noise
857,engine-2.wav,human_activity_noise
858,engine-20.wav,human_activity_noise
859,engine-21.wav,human_activity_noise
860,engine-22.wav,human_activity_noise
861,engine-23.wav,human_activity_noise
862,engine-24.wav,human_activity_noise
863,engine-25.wav,human_activity_noise
864,engine-26.wav,human_activity_noise
865,engine-27.wav,human_activity_noise
866,engine-28.wav,human_activity_noise
867,engine-29.wav,human_activity_noise
868,engine-3.wav,human_activity_noise
869,engine-30.wav,human_activity_noise
870,engine-31.wav,human_activity_noise
871,engine-32.wav,human_activity_noise
872,engine-33.wav,human_activity_noise
873,engine-34.wav,human_activity_noise
874,engine-35.wav,human_activity_noise
875,engine-36.wav,human_activity_noise
876,engine-37.wav,human_activity_noise
877,engine-38.wav,human_activity_noise
878,engine-39.wav,human_activity_noise
879,engine-4.wav,human_activity_noise
880,engine-40.wav,human_activity_noise
881,engine-5.wav,human_activity_noise
882,engine-6.wav,human_activity_noise
883,engine-7.wav,human_activity_noise
884,engine-8.wav,human_activity_noise
885,engine-9.wav,human_activity_noise
886,firework-1.wav,human_activity_noise
887,firework-10.wav,human_activity_noise
888,firework-100.wav,human_activity_noise
889,firework-101.wav,human_activity_noise
890,firework-102.wav,human_activity_noise
891,firework-103.wav,human_activity_noise
892,firework-104.wav,human_activity_noise
893,firework-105.wav,human_activity_noise
894,firework-106.wav,human_activity_noise
895,firework-107.wav,human_activity_noise
896,firework-108.wav,human_activity_noise
897,firework-109.wav,human_activity_noise
898,firework-11.wav,human_activity_noise
899,firework-110.wav,human_activity_noise
900,firework-111.wav,human_activity_noise
901,firework-112.wav,human_activity_noise
902,firework-113.wav,human_activity_noise
903,firework-114.wav,human_activity_noise
904,firework-115.wav,human_activity_noise
905,firework-12.wav,human_activity_noise
906,firework-13.wav,human_activity_noise
907,firework-14.wav,human_activity_noise
908,firework-15.wav,human_activity_noise
909,firework-16.wav,human_activity_noise
910,firework-17.wav,human_activity_noise
911,firework-18.wav,human_activity_noise
912,firework-19.wav,human_activity_noise
913,firework-2.wav,human_activity_noise
914,firework-20.wav,human_activity_noise
915,firework-21.wav,human_activity_noise
916,firework-22.wav,human_activity_noise
917,firework-23.wav,human_activity_noise
918,firework-24.wav,human_activity_noise
919,firework-25.wav,human_activity_noise
920,firework-26.wav,human_activity_noise
921,firework-27.wav,human_activity_noise
922,firework-28.wav,human_activity_noise
923,firework-29.wav,human_activity_noise
924,firework-3.wav,human_activity_noise
925,firework-30.wav,human_activity_noise
926,firework-31.wav,human_activity_noise
927,firework-32.wav,human_activity_noise
928,firework-33.wav,human_activity_noise
929,firework-34.wav,human_activity_noise
930,firework-35.wav,human_activity_noise
931,firework-36.wav,human_activity_noise
932,firework-37.wav,human_activity_noise
933,firework-38.wav,human_activity_noise
934,firework-39.wav,human_activity_noise
935,firework-4.wav,human_activity_noise
936,firework-40.wav,human_activity_noise
937,firework-41.wav,human_activity_noise
938,firework-42.wav,human_activity_noise
939,firework-43.wav,human_activity_noise
940,firework-44.wav,human_activity_noise
941,firework-45.wav,human_activity_noise
942,firework-46.wav,human_activity_noise
943,firework-47.wav,human_activity_noise
944,firework-48.wav,human_activity_noise
945,firework-49.wav,human_activity_noise
946,firework-5.wav,human_activity_noise
947,firework-50.wav,human_activity_noise
948,firework-51.wav,human_activity_noise
949,firework-52.wav,human_activity_noise
950,firework-53.wav,human_activity_noise
951,firework-54.wav,human_activity_noise
952,firework-55.wav,human_activity_noise
953,firework-56.wav,human_activity_noise
954,firework-57.wav,human_activity_noise
955,firework-58.wav,human_activity_noise
956,firework-59.wav,human_activity_noise
957,firework-6.wav,human_activity_noise
958,firework-60.wav,human_activity_noise
959,firework-61.wav,human_activity_noise
960,firework-62.wav,human_activity_noise
961,firework-63.wav,human_activity_noise
962,firework-64.wav,human_activity_noise
963,firework-65.wav,human_activity_noise
964,firework-66.wav,human_activity_noise
965,firework-67.wav,human_activity_noise
966,firework-68.wav,human_activity_noise
967,firework-69.wav,human_activity_noise
968,firework-7.wav,human_activity_noise
969,firework-70.wav,human_activity_noise
970,firework-71.wav,human_activity_noise
971,firework-72.wav,human_activity_noise
972,firework-73.wav,human_activity_noise
973,firework-74.wav,human_activity_noise
974,firework-75.wav,human_activity_noise
975,firework-76.wav,human_activity_noise
976,firework-77.wav,human_activity_noise
977,firework-78.wav,human_activity_noise
978,firework-79.wav,human_activity_noise
979,firework-8.wav,human_activity_noise
980,firework-80.wav,human_activity_noise
981,firework-81.wav,human_activity_noise
982,firework-82.wav,human_activity_noise
983,firework-83.wav,human_activity_noise
984,firework-84.wav,human_activity_noise
985,firework-85.wav,human_activity_noise
986,firework-86.wav,human_activity_noise
987,firework-87.wav,human_activity_noise
988,firework-88.wav,human_activity_noise
989,firework-89.wav,human_activity_noise
990,firework-9.wav,human_activity_noise
991,firework-90.wav,human_activity_noise
992,firework-91.wav,human_activity_noise
993,firework-92.wav,human_activity_noise
994,firework-93.wav,human_activity_noise
995,firework-94.wav,human_activity_noise
996,firework-95.wav,human_activity_noise
997,firework-96.wav,human_activity_noise
998,firework-97.wav,human_activity_noise
999,firework-98.wav,human_activity_noise
1000,firework-99.wav,human_activity_noise
1001,generator-1.wav,human_activity_noise
1002,generator-10.wav,human_activity_noise
1003,generator-11.wav,human_activity_noise
1004,generator-12.wav,human_activity_noise
1005,generator-13.wav,human_activity_noise
1006,generator-14.wav,human_activity_noise
1007,generator-15.wav,human_activity_noise
1008,generator-16.wav,human_activity_noise
1009,generator-17.wav,human_activity_noise
1010,generator-18.wav,human_activity_noise
1011,generator-19.wav,human_activity_noise
1012,generator-2.wav,human_activity_noise
1013,generator-20.wav,human_activity_noise
1014,generator-21.wav,human_activity_noise
1015,generator-22.wav,human_activity_noise
1016,generator-23.wav,human_activity_noise
1017,generator-24.wav,human_activity_noise
1018,generator-25.wav,human_activity_noise
1019,generator-26.wav,human_activity_noise
1020,generator-27.wav,human_activity_noise
1021,generator-28.wav,human_activity_noise
1022,generator-29.wav,human_activity_noise
1023,generator-3.wav,human_activity_noise
1024,generator-30.wav,human_activity_noise
1025,generator-31.wav,human_activity_noise
1026,generator-32.wav,human_activity_noise
1027,generator-33.wav,human_activity_noise
1028,generator-34.wav,human_activity_noise
1029,generator-35.wav,human_activity_noise
1030,generator-36.wav,human_activity_noise
1031,generator-37.wav,human_activity_noise
1032,generator-38.wav,human_activity_noise
1033,generator-39.wav,human_activity_noise
1034,generator-4.wav,human_activity_noise
1035,generator-40.wav,human_activity_noise
1036,generator-41.wav,human_activity_noise
1037,generator-42.wav,human_activity_noise
1038,generator-43.wav,human_activity_noise
1039,generator-44.wav,human_activity_noise
1040,generator-45.wav,human_activity_noise
1041,generator-46.wav,human_activity_noise
1042,generator-47.wav,human_activity_noise
1043,generator-48.wav,human_activity_noise
1044,generator-49.wav,human_activity_noise
1045,generator-5.wav,human_activity_noise
1046,generator-50.wav,human_activity_noise
1047,generator-51.wav,human_activity_noise
1048,generator-52.wav,human_activity_noise
1049,generator-53.wav,human_activity_noise
1050,generator-54.wav,human_activity_noise
1051,generator-55.wav,human_activity_noise
1052,generator-56.wav,human_activity_noise
1053,generator-57.wav,human_activity_noise
1054,generator-58.wav,human_activity_noise
1055,generator-59.wav,human_activity_noise
1056,generator-6.wav,human_activity_noise
1057,generator-60.wav,human_activity_noise
1058,generator-61.wav,human_activity_noise
1059,generator-62.wav,human_activity_noise
1060,generator-63.wav,human_activity_noise
1061,generator-64.wav,human_activity_noise
1062,generator-65.wav,human_activity_noise
1063,generator-66.wav,human_activity_noise
1064,generator-67.wav,human_activity_noise
1065,generator-68.wav,human_activity_noise
1066,generator-69.wav,human_activity_noise
1067,generator-7.wav,human_activity_noise
1068,generator-70.wav,human_activity_noise
1069,generator-71.wav,human_activity_noise
1070,generator-72.wav,human_activity_noise
1071,generator-73.wav,human_activity_noise
1072,generator-74.wav,human_activity_noise
1073,generator-75.wav,human_activity_noise
1074,generator-8.wav,human_activity_noise
1075,generator-9.wav,human_activity_noise
1076,helicopter-1.wav,human_activity_noise
1077,helicopter-10.wav,human_activity_noise
1078,helicopter-100.wav,human_activity_noise
1079,helicopter-101.wav,human_activity_noise
1080,helicopter-102.wav,human_activity_noise
1081,helicopter-103.wav,human_activity_noise
1082,helicopter-104.wav,human_activity_noise
1083,helicopter-105.wav,human_activity_noise
1084,helicopter-106.wav,human_activity_noise
1085,helicopter-107.wav,human_activity_noise
1086,helicopter-108.wav,human_activity_noise
1087,helicopter-109.wav,human_activity_noise
1088,helicopter-11.wav,human_activity_noise
1089,helicopter-110.wav,human_activity_noise
1090,helicopter-111.wav,human_activity_noise
1091,helicopter-112.wav,human_activity_noise
1092,helicopter-113.wav,human_activity_noise
1093,helicopter-114.wav,human_activity_noise
1094,helicopter-115.wav,human_activity_noise
1095,helicopter-12.wav,human_activity_noise
1096,helicopter-13.wav,human_activity_noise
1097,helicopter-14.wav,human_activity_noise
1098,helicopter-15.wav,human_activity_noise
1099,helicopter-16.wav,human_activity_noise
1100,helicopter-17.wav,human_activity_noise
1101,helicopter-18.wav,human_activity_noise
1102,helicopter-19.wav,human_activity_noise
1103,helicopter-2.wav,human_activity_noise
1104,helicopter-20.wav,human_activity_noise
1105,helicopter-21.wav,human_activity_noise
1106,helicopter-22.wav,human_activity_noise
1107,helicopter-23.wav,human_activity_noise
1108,helicopter-24.wav,human_activity_noise
1109,helicopter-25.wav,human_activity_noise
1110,helicopter-26.wav,human_activity_noise
1111,helicopter-27.wav,human_activity_noise
1112,helicopter-28.wav,human_activity_noise
1113,helicopter-29.wav,human_activity_noise
1114,helicopter-3.wav,human_activity_noise
1115,helicopter-30.wav,human_activity_noise
1116,helicopter-31.wav,human_activity_noise
1117,helicopter-32.wav,human_activity_noise
1118,helicopter-33.wav,human_activity_noise
1119,helicopter-34.wav,human_activity_noise
1120,helicopter-35.wav,human_activity_noise
1121,helicopter-36.wav,human_activity_noise
1122,helicopter-37.wav,human_activity_noise
1123,helicopter-38.wav,human_activity_noise
1124,helicopter-39.wav,human_activity_noise
1125,helicopter-4.wav,human_activity_noise
1126,helicopter-40.wav,human_activity_noise
1127,helicopter-41.wav,human_activity_noise
1128,helicopter-42.wav,human_activity_noise
1129,helicopter-43.wav,human_activity_noise
1130,helicopter-44.wav,human_activity_noise
1131,helicopter-45.wav,human_activity_noise
1132,helicopter-46.wav,human_activity_noise
1133,helicopter-47.wav,human_activity_noise
1134,helicopter-48.wav,human_activity_noise
1135,helicopter-49.wav,human_activity_noise
1136,helicopter-5.wav,human_activity_noise
1137,helicopter-50.wav,human_activity_noise
1138,helicopter-51.wav,human_activity_noise
1139,helicopter-52.wav,human_activity_noise
1140,helicopter-53.wav,human_activity_noise
1141,helicopter-54.wav,human_activity_noise
1142,helicopter-55.wav,human_activity_noise
1143,helicopter-56.wav,human_activity_noise
1144,helicopter-57.wav,human_activity_noise
1145,helicopter-58.wav,human_activity_noise
1146,helicopter-59.wav,human_activity_noise
1147,helicopter-6.wav,human_activity_noise
1148,helicopter-60.wav,human_activity_noise
1149,helicopter-61.wav,human_activity_noise
1150,helicopter-62.wav,human_activity_noise
1151,helicopter-63.wav,human_activity_noise
1152,helicopter-64.wav,human_activity_noise
1153,helicopter-65.wav,human_activity_noise
1154,helicopter-66.wav,human_activity_noise
1155,helicopter-67.wav,human_activity_noise
1156,helicopter-68.wav,human_activity_noise
1157,helicopter-69.wav,human_activity_noise
1158,helicopter-7.wav,human_activity_noise
1159,helicopter-70.wav,human_activity_noise
1160,helicopter-71.wav,human_activity_noise
1161,helicopter-72.wav,human_activity_noise
1162,helicopter-73.wav,human_activity_noise
1163,helicopter-74.wav,human_activity_noise
1164,helicopter-75.wav,human_activity_noise
1165,helicopter-76.wav,human_activity_noise
1166,helicopter-77.wav,human_activity_noise
1167,helicopter-78.wav,human_activity_noise
1168,helicopter-79.wav,human_activity_noise
1169,helicopter-8.wav,human_activity_noise
1170,helicopter-80.wav,human_activity_noise
1171,helicopter-81.wav,human_activity_noise
1172,helicopter-82.wav,human_activity_noise
1173,helicopter-83.wav,human_activity_noise
1174,helicopter-84.wav,human_activity_noise
1175,helicopter-85.wav,human_activity_noise
1176,helicopter-86.wav,human_activity_noise
1177,helicopter-87.wav,human_activity_noise
1178,helicopter-88.wav,human_activity_noise
1179,helicopter-89.wav,human_activity_noise
1180,helicopter-9.wav,human_activity_noise
1181,helicopter-90.wav,human_activity_noise
1182,helicopter-91.wav,human_activity_noise
1183,helicopter-92.wav,human_activity_noise
1184,helicopter-93.wav,human_activity_noise
1185,helicopter-94.wav,human_activity_noise
1186,helicopter-95.wav,human_activity_noise
1187,helicopter-96.wav,human_activity_noise
1188,helicopter-97.wav,human_activity_noise
1189,helicopter-98.wav,human_activity_noise
1190,helicopter-99.wav,human_activity_noise
1191,chainsaw-1.wav,illegal_logging
1192,chainsaw-10.wav,illegal_logging
1193,chainsaw-100.wav,illegal_logging
1194,chainsaw-101.wav,illegal_logging
1195,chainsaw-102.wav,illegal_logging
1196,chainsaw-103.wav,illegal_logging
1197,chainsaw-104.wav,illegal_logging
1198,chainsaw-105.wav,illegal_logging
1199,chainsaw-106.wav,illegal_logging
1200,chainsaw-107.wav,illegal_logging
1201,chainsaw-108.wav,illegal_logging
1202,chainsaw-109.wav,illegal_logging
1203,chainsaw-11.wav,illegal_logging
1204,chainsaw-110.wav,illegal_logging
1205,chainsaw-111.wav,illegal_logging
1206,chainsaw-112.wav,illegal_logging
1207,chainsaw-113.wav,illegal_logging
1208,chainsaw-114.wav,illegal_logging
1209,chainsaw-115.wav,illegal_logging
1210,chainsaw-12.wav,illegal_logging
1211,chainsaw-13.wav,illegal_logging
1212,chainsaw-14.wav,illegal_logging
1213,chainsaw-15.wav,illegal_logging
1214,chainsaw-16.wav,illegal_logging
1215,chainsaw-17.wav,illegal_logging
1216,chainsaw-18.wav,illegal_logging
1217,chainsaw-19.wav,illegal_logging
1218,chainsaw-2.wav,illegal_logging
1219,chainsaw-20.wav,illegal_logging
1220,chainsaw-21.wav,illegal_logging
1221,chainsaw-22.wav,illegal_logging
1222,chainsaw-23.wav,illegal_logging
1223,chainsaw-24.wav,illegal_logging
1224,chainsaw-25.wav,illegal_logging
1225,chainsaw-26.wav,illegal_logging
1226,chainsaw-27.wav,illegal_logging
1227,chainsaw-28.wav,illegal_logging
1228,chainsaw-29.wav,illegal_logging
1229,chainsaw-3.wav,illegal_logging
1230,chainsaw-30.wav,illegal_logging
1231,chainsaw-31.wav,illegal_logging
1232,chainsaw-32.wav,illegal_logging
1233,chainsaw-33.wav,illegal_logging
1234,chainsaw-34.wav,illegal_logging
1235,chainsaw-35.wav,illegal_logging
1236,chainsaw-36.wav,illegal_logging
1237,chainsaw-37.wav,illegal_logging
1238,chainsaw-38.wav,illegal_logging
1239,chainsaw-39.wav,illegal_logging
1240,chainsaw-4.wav,illegal_logging
1241,chainsaw-40.wav,illegal_logging
1242,chainsaw-41.wav,illegal_logging
1243,chainsaw-42.wav,illegal_logging
1244,chainsaw-43.wav,illegal_logging
1245,chainsaw-44.wav,illegal_logging
1246,chainsaw-45.wav,illegal_logging
1247,chainsaw-46.wav,illegal_logging
1248,chainsaw-47.wav,illegal_logging
1249,chainsaw-48.wav,illegal_logging
1250,chainsaw-49.wav,illegal_logging
1251,chainsaw-5.wav,illegal_logging
1252,chainsaw-50.wav,illegal_logging
1253,chainsaw-51.wav,illegal_logging
1254,chainsaw-52.wav,illegal_logging
1255,chainsaw-53.wav,illegal_logging
1256,chainsaw-54.wav,illegal_logging
1257,chainsaw-55.wav,illegal_logging
1258,chainsaw-56.wav,illegal_logging
1259,chainsaw-57.wav,illegal_logging
1260,chainsaw-58.wav,illegal_logging
1261,chainsaw-59.wav,illegal_logging
1262,chainsaw-6.wav,illegal_logging
1263,chainsaw-60.wav,illegal_logging
1264,chainsaw-61.wav,illegal_logging
1265,chainsaw-62.wav,illegal_logging
1266,chainsaw-63.wav,illegal_logging
1267,chainsaw-64.wav,illegal_logging
1268,chainsaw-65.wav,illegal_logging
1269,chainsaw-66.wav,illegal_logging
1270,chainsaw-67.wav,illegal_logging
1271,chainsaw-68.wav,illegal_logging
1272,chainsaw-69.wav,illegal_logging
1273,chainsaw-7.wav,illegal_logging
1274,chainsaw-70.wav,illegal_logging
1275,chainsaw-71.wav,illegal_logging
1276,chainsaw-72.wav,illegal_logging
1277,chainsaw-73.wav,illegal_logging
1278,chainsaw-74.wav,illegal_logging
1279,chainsaw-75.wav,illegal_logging
1280,chainsaw-76.wav,illegal_logging
1281,chainsaw-77.wav,illegal_logging
1282,chainsaw-78.wav,illegal_logging
1283,chainsaw-79.wav,illegal_logging
1284,chainsaw-8.wav,illegal_logging
1285,chainsaw-80.wav,illegal_logging
1286,chainsaw-81.wav,illegal_logging
1287,chainsaw-82.wav,illegal_logging
1288,chainsaw-83.wav,illegal_logging
1289,chainsaw-84.wav,illegal_logging
1290,chainsaw-85.wav,illegal_logging
1291,chainsaw-86.wav,illegal_logging
1292,chainsaw-87.wav,illegal_logging
1293,chainsaw-88.wav,illegal_logging
1294,chainsaw-89.wav,illegal_logging
1295,chainsaw-9.wav,illegal_logging
1296,chainsaw-90.wav,illegal_logging
1297,chainsaw-91.wav,illegal_logging
1298,chainsaw-92.wav,illegal_logging
1299,chainsaw-93.wav,illegal_logging
1300,chainsaw-94.wav,illegal_logging
1301,chainsaw-95.wav,illegal_logging
1302,chainsaw-96.wav,illegal_logging
1303,chainsaw-97.wav,illegal_logging
1304,chainsaw-98.wav,illegal_logging
1305,chainsaw-99.wav,illegal_logging
